tensor([[ 1.0450e-01, -2.8614e-01,  2.1719e-01],
        [-1.5769e-01, -2.8594e-01, -3.0308e-02],
        [-3.0963e-01, -2.7404e-01,  1.1127e-01],
        [-7.6798e-03, -3.6370e-02, -6.9909e-02],
        [-2.2429e-01, -5.5462e-03, -4.1523e-01],
        [ 2.3161e-01, -3.3655e-02, -6.6886e-03],
        [-1.4654e-02, -2.9577e-02, -1.0456e-01],
        [-4.9584e-01, -8.8627e-02, -5.1845e-02],
        [-1.0840e-01,  3.3923e-01, -5.7269e-02],
        [-2.3865e-01,  5.0291e-01, -3.1976e-01],
        [-4.3233e-01, -2.0038e-01, -1.8097e-01],
        [-2.4616e-01, -2.4926e-01,  1.0889e-01],
        [ 1.7944e-02, -3.6108e-02,  2.6267e-02],
        [-6.8333e-02, -8.4257e-02, -7.1865e-02],
        [-2.4424e-02, -1.2135e-01, -2.2436e-02],
        [-3.7017e-01, -2.5318e-01, -3.6452e-01],
        [-4.3991e-02,  2.5350e-01, -1.0572e-02],
        [-4.2232e-01,  2.0987e-01, -1.1926e+00],
        [-2.9253e-01, -7.9408e-02, -3.6238e-01],
        [-7.6685e-02,  1.5535e-01,  5.9460e-02],
        [-1.2717e-01,  4.3498e-02,  4.4180e-01],
        [-8.2318e-02, -2.6794e-02,  5.8292e-02],
        [-3.4045e-01, -2.3474e-01, -1.5073e-01],
        [-7.6773e-01, -6.4695e-01,  3.6755e-01],
        [-3.0355e-01,  5.5970e-02,  5.9029e-01],
        [ 2.6720e-01,  5.9831e-02,  4.8241e-01],
        [-9.8331e-02,  3.2436e-03, -1.3992e-01],
        [-8.2303e-02, -3.9538e-02, -1.2365e-01],
        [-3.4953e-01, -2.3660e-01, -3.4202e-01],
        [-1.9104e-01,  3.9316e-01, -3.9935e-01],
        [ 7.8104e-02, -1.1775e-01,  1.4190e-01],
        [ 2.7311e-01, -4.8793e-02, -2.5787e-01],
        [ 2.4619e-01, -4.0010e-01, -1.9032e-01],
        [-2.2835e-01, -3.6967e-01,  4.3981e-02],
        [-3.0246e-02, -7.7343e-02, -5.3402e-02],
        [-7.0206e-02,  1.7951e-02, -3.2384e-03],
        [-1.8904e-01,  7.4303e-02,  1.3128e-02],
        [-9.3581e-02, -4.8623e-01, -5.2675e-01],
        [-1.5775e-01,  1.2170e-01, -5.0754e-02],
        [-3.8304e-02,  1.6707e-01, -3.0152e-01],
        [ 1.8867e-01,  4.7719e-01, -2.4083e-01],
        [-4.5047e-01, -4.7921e-01, -3.9934e-01],
        [-4.2467e-01,  2.8434e-01,  3.1170e-01],
        [-3.8354e-01,  1.9420e-02, -5.2588e-01],
        [ 8.9780e-03, -7.9886e-02, -9.6629e-01],
        [ 7.1764e-02, -3.0302e-02, -1.3976e-01],
        [-1.6529e-02, -2.2172e-01,  5.9534e-03],
        [-3.3353e-01, -1.0254e-01, -2.2229e-01],
        [ 4.8637e-02, -5.5816e-02, -5.1563e-02],
        [ 1.8374e-01,  1.6095e-03, -1.1961e-01],
        [-1.0057e-02, -3.6964e-02, -1.4933e-01],
        [ 1.3494e-01, -1.9000e-01, -4.3169e-01],
        [-6.5394e-02, -4.4588e-02,  1.0427e-02],
        [-3.0922e-01, -4.2189e-01, -3.8348e-01],
        [-2.2653e-01,  6.0506e-02, -2.1707e-01],
        [-1.1724e-01,  5.1431e-02, -5.9600e-02],
        [-1.9825e-01,  1.4306e-01,  4.7907e-01],
        [-3.7401e-01, -4.9989e-02, -3.4168e-01],
        [-1.4390e-02, -4.8296e-02, -4.2381e-02],
        [-5.0118e-02, -6.9885e-02, -8.4911e-02],
        [-2.1856e-01, -9.2877e-02, -1.4245e-02],
        [ 2.4378e-01,  1.9274e-02, -1.1002e-01],
        [-1.4636e-01,  3.5155e-01, -4.5273e-01],
        [ 8.5114e-02, -3.9015e-01, -5.3669e-01],
        [-5.6653e-02, -1.4383e-01,  5.3509e-02],
        [-1.6078e-01,  8.1929e-02,  2.5252e-01],
        [-2.0339e-01,  7.6346e-03,  7.0501e-03],
        [-8.1580e-02, -7.5715e-02,  8.7236e-02],
        [-5.5260e-02,  1.2318e-02, -9.3438e-03],
        [-1.4652e-01,  1.9430e-01,  1.2143e-01],
        [-1.0086e-01,  6.2118e-02, -1.0086e-01],
        [ 5.1360e-01,  3.8675e-01,  2.2638e-01],
        [-5.4717e-02, -7.0309e-02,  3.2238e-02],
        [-3.2362e-02, -8.6303e-02, -1.2106e-01],
        [ 1.1331e-02, -2.2321e-02, -1.3199e-01],
        [ 2.6290e-03,  2.3307e-01,  5.8113e-02],
        [-9.7742e-02, -8.8258e-02, -1.0104e-01],
        [ 6.7284e-02,  4.1800e-02,  4.7417e-01],
        [-2.1999e-02,  2.1119e-02,  2.2094e-01],
        [-1.7691e-01, -3.7082e-01, -1.1615e-01],
        [-3.2065e-01, -1.6961e-01, -1.3426e-01],
        [-4.7407e-02, -5.1468e-02, -1.9536e-02],
        [ 3.4977e-01,  3.8906e-01, -2.1078e-01],
        [-3.0830e-01, -4.0759e-01, -2.3212e-01],
        [ 5.0525e-02, -2.6004e-02, -3.1858e-01],
        [-1.4787e-01, -2.1294e-03, -2.0646e-01],
        [-4.0281e-01,  3.6969e-02,  1.8051e-01],
        [ 5.4384e-02, -3.6374e-01, -3.5433e-01],
        [-9.4477e-01,  1.5532e-01, -4.7295e-01],
        [-3.0188e-01, -1.4663e-01, -2.2924e-02],
        [-1.1829e-01, -2.8266e-01, -1.6780e-01],
        [ 4.7683e-02, -2.2273e-01, -7.9789e-01],
        [-2.0459e-01, -7.8542e-02,  6.7408e-02],
        [-1.0356e-01, -9.9719e-02,  1.2352e-02],
        [-8.9565e-03,  2.3822e-03, -8.9749e-03],
        [-8.8423e-02,  5.1696e-02, -1.6332e-01],
        [-3.8429e-02, -3.6232e-02, -2.7627e-02],
        [ 3.3703e-02, -1.3010e-01,  3.8538e-01],
        [-1.7224e-01, -2.3284e-01,  2.1561e-01],
        [-5.1558e-02, -1.0605e-01,  2.4242e-01],
        [ 8.0670e-02, -7.7825e-02, -8.1282e-02],
        [ 3.1467e-03,  1.3996e-02,  4.8031e-01],
        [-9.0773e-02, -6.7116e-02, -9.5744e-02],
        [ 2.5942e-01, -2.8842e-02, -1.6001e-01],
        [ 1.1387e-01,  3.9979e-01,  1.3518e-01],
        [-4.6384e-01, -4.9799e-01, -3.6901e-01],
        [ 2.5932e-01, -3.2921e-01,  9.8049e-02],
        [ 2.3675e-01,  2.9668e-02,  3.7244e-01],
        [-1.8686e-01, -2.1675e-01, -1.9554e-01],
        [-5.7845e-01, -5.8795e-01,  3.6335e-01],
        [ 1.7691e-02, -1.2467e-01, -1.5173e-02],
        [-6.0483e-02, -4.3113e-02, -2.0275e-02],
        [ 3.6379e-01, -1.4102e-01,  1.0966e-02],
        [ 4.4829e-01,  2.7729e-01,  7.3800e-02],
        [ 2.3590e-01, -3.2447e-01, -4.5613e-02],
        [-1.2131e-01, -3.5570e-02,  2.9830e-01],
        [ 6.8500e-02, -1.5790e-01, -1.9180e-02],
        [ 3.3333e-01,  4.0014e-01, -1.8244e-01],
        [-3.1192e-02,  1.6649e-01,  2.5321e-02],
        [-3.1731e-01,  2.7182e-01, -1.4215e-02],
        [-4.4584e-02, -2.6811e-02, -3.3608e-02],
        [-1.6006e-01, -4.0448e-01, -3.7789e-01],
        [-6.9002e-01, -5.0076e-01,  2.3381e-01],
        [ 2.4691e-01, -1.0896e-01, -2.1315e-01],
        [ 9.3675e-02,  1.1855e-01,  5.2938e-02],
        [-8.0527e-01,  9.0020e-02, -4.5309e-01],
        [-1.0805e-01, -5.8811e-02,  5.9564e-03],
        [-2.5879e-01,  1.7666e-01, -4.6407e-01],
        [-6.0200e-02,  2.5787e-01, -5.6279e-02],
        [-2.8972e-01, -3.5033e-02, -4.0102e-01],
        [ 1.6369e-02, -7.7331e-02, -9.0553e-02],
        [ 1.8339e-01, -1.5838e-01,  3.6494e-01],
        [ 3.3322e-02,  2.4969e-01, -6.6059e-02],
        [-6.6629e-01, -9.7724e-02, -7.3876e-02],
        [ 3.2792e-03,  3.2789e-02, -2.4476e-02],
        [-3.8988e-02, -4.1388e-02, -4.5428e-02],
        [ 1.1080e-01, -1.7699e-01, -2.9194e-01],
        [-5.2379e-02, -3.5802e-02, -5.8194e-02],
        [-4.7877e-02, -1.6771e-02,  1.4482e-01],
        [-6.5214e-02, -4.4012e-02, -5.8916e-02],
        [ 2.5421e-01, -5.6240e-02,  6.1157e-01],
        [-1.3819e-02,  3.2899e-03,  1.4157e-01],
        [-4.0122e-01, -2.4220e-01, -4.8139e-01],
        [-7.7893e-04, -1.0588e-03, -5.6886e-03],
        [ 1.1712e-02, -1.9027e-01,  2.4371e-02],
        [-3.6162e-01, -4.1951e-01, -3.2816e-01],
        [ 3.9496e-01,  3.0443e-01, -5.6837e-01],
        [-2.8571e-02, -2.2604e-03, -3.9055e-02],
        [-2.0283e-01, -1.3661e-02, -4.8720e-02],
        [-4.8909e-02, -5.0406e-02, -9.4136e-03],
        [-3.8706e-02, -2.4481e-02, -2.2072e-02],
        [-3.6750e-01,  4.9639e-01, -3.3755e-01],
        [-2.8632e-01,  9.1010e-02, -3.2617e-01],
        [-5.9010e-02, -1.5957e-02, -7.2949e-02],
        [ 1.7329e-01, -1.3459e-01, -4.7086e-02],
        [-2.5705e-01, -1.6057e-01,  3.2928e-01],
        [-3.5340e-01,  3.7492e-02,  1.4765e-01],
        [-1.2304e-01,  4.2314e-02, -1.2322e-01],
        [-2.0983e-01,  1.4667e-02,  1.5780e-01],
        [ 1.2790e-02, -8.5358e-03, -2.9532e-02],
        [-5.1037e-02,  5.6759e-03, -7.4769e-03],
        [-2.9985e-02,  1.8627e-01, -1.1708e-01],
        [-1.4544e-02, -2.6994e-02,  9.0022e-02],
        [-2.4199e-02,  1.0326e-01, -8.2054e-03],
        [-1.7905e-02,  3.4165e-02,  7.1858e-02],
        [ 1.6885e-01, -3.4901e-01, -4.7069e-01],
        [-9.1484e-02, -3.0438e-02,  1.4925e-01],
        [ 1.8043e-01,  1.4850e-01, -7.0264e-01],
        [ 6.2811e-02,  4.0166e-03, -3.6785e-02],
        [-4.7454e-02, -5.2248e-02,  9.6536e-02],
        [ 3.5012e-02, -2.1168e-01, -1.7861e-02],
        [-4.9717e-02, -7.2882e-02, -9.5685e-02],
        [-7.6975e-01, -3.2277e-01,  1.0829e-01],
        [-8.1396e-03, -7.3988e-02, -5.5302e-02],
        [-7.4445e-03, -4.8667e-03, -2.6220e-03],
        [-3.8287e-01, -6.0542e-02, -1.8990e-01],
        [-1.4172e-02, -1.8240e-02, -2.0916e-02],
        [ 2.6668e-01,  2.7174e-01,  1.8951e-02],
        [-4.4280e-03, -2.0692e-02, -5.3514e-02],
        [-2.0901e-01,  1.0158e-01, -2.3254e-01],
        [-4.5737e-02, -3.4663e-02,  2.4821e-03],
        [ 2.5044e-02, -2.2501e-02, -6.5715e-02],
        [-7.1852e-02,  3.3903e-02,  4.4153e-01],
        [-2.1301e-01,  7.3836e-02,  9.7252e-02],
        [-3.9415e-01,  3.9175e-01, -1.3351e-01],
        [-1.2532e-01,  5.8067e-02,  7.8026e-03],
        [ 4.2574e-01, -4.1508e-01, -4.4818e-01],
        [ 3.5737e-01, -1.4896e-01, -9.6765e-03],
        [ 4.9124e-01,  4.2097e-02,  1.3432e-01],
        [ 1.8401e-01,  5.5798e-02,  9.9641e-02],
        [-9.9416e-02,  1.4944e-02, -1.5914e-01],
        [-3.2508e-01,  2.3023e-01, -2.9535e-01],
        [-8.1630e-02, -2.7982e-01, -3.2053e-01],
        [-3.7850e-02, -2.6523e-02, -2.2311e-02],
        [ 2.2754e-02,  1.8244e-01,  4.0669e-01],
        [-4.8610e-02, -9.6795e-02, -6.3408e-03],
        [ 8.7899e-02, -2.3592e-01, -3.0570e-01],
        [-9.1582e-03, -1.2867e-01,  2.0613e-02],
        [ 1.3289e-01, -8.4055e-01,  8.0192e-02],
        [ 3.7416e-01, -4.3633e-01,  3.0283e-01],
        [-4.9127e-01,  1.4744e-01,  2.6691e-01],
        [-3.6815e-02,  1.6912e-01,  5.0606e-01],
        [ 7.0899e-02, -7.8681e-02, -1.2917e-01],
        [ 5.4361e-01,  3.0995e-01,  5.5955e-02],
        [-3.6760e-02,  3.8075e-03,  3.2211e-01],
        [-1.4245e-01,  3.0745e-01, -1.7844e-01],
        [-1.3942e-02, -1.8804e-02, -1.2482e-02],
        [-3.1525e-02,  3.5685e-04, -2.7540e-02],
        [-4.3118e-02, -1.0358e-03, -8.9389e-03],
        [-4.4579e-02, -1.2227e-01, -1.4046e-01],
        [ 1.1242e-01, -6.4302e-02, -5.7828e-02],
        [ 5.1638e-01, -5.9477e-01, -6.2050e-01],
        [-2.6901e-02, -5.9342e-02,  6.3005e-02],
        [-3.9030e-02, -2.5026e-02,  2.4791e-02],
        [ 5.7277e-02,  3.4156e-03,  7.3134e-02],
        [-1.0391e-02, -4.0962e-02, -1.5099e-01],
        [-6.5591e-01, -5.8257e-01,  6.5714e-01],
        [-4.4529e-01, -2.3537e-01, -2.7415e-01],
        [ 6.5960e-03, -3.2221e-02, -1.3896e-02],
        [ 3.7425e-01, -3.3145e-01, -9.3046e-02],
        [-3.6591e-01,  1.9023e-01, -4.9371e-01],
        [ 4.1997e-02, -3.6061e-01, -5.1702e-01],
        [ 1.0140e-01, -4.4546e-01,  3.4843e-01],
        [-2.0343e-02, -4.1618e-02, -2.0153e-02],
        [-1.5644e-01, -2.3900e-01, -2.2160e-01],
        [-3.1664e-01, -4.6603e-01, -2.6072e-02],
        [ 1.4401e-01, -3.8768e-02,  4.8753e-01],
        [-2.3194e-02, -5.1378e-02, -6.4008e-02],
        [ 6.9629e-02, -4.1179e-02, -4.2214e-02],
        [-4.0183e-02, -1.0284e-01, -8.0664e-02],
        [ 3.9784e-01, -3.2629e-01, -3.2447e-01],
        [ 2.2913e-02, -2.1569e-01, -4.7574e-01],
        [ 4.4124e-01, -2.4934e-01, -6.8057e-02],
        [-4.2167e-01,  7.3399e-02,  2.0100e-01],
        [-1.6743e-01, -5.6565e-02,  6.2874e-02],
        [-6.3142e-01, -9.0273e-01,  3.4782e-01],
        [-3.5623e-02, -4.2790e-02, -4.2669e-02],
        [-2.2499e-02,  2.5401e-01, -4.1466e-02],
        [-1.1519e+00,  2.3138e-01, -8.1886e-01],
        [ 3.9146e-01, -3.5374e-02, -7.0872e-01],
        [-1.6394e-01, -1.0764e-01, -1.1467e-01],
        [ 2.8422e-01, -1.7884e-02, -2.0275e-02],
        [-2.5488e-01, -2.9129e-01, -7.8341e-01],
        [ 1.0925e-01,  1.1027e-01,  6.1007e-02],
        [ 4.9438e-01,  3.2016e-01,  4.7116e-01],
        [-1.4105e-01, -1.1083e-01,  8.1362e-02],
        [ 2.3780e-02, -2.8355e-01,  4.0809e-01],
        [-2.4474e-01, -4.5500e-01, -1.6014e-01],
        [-5.4997e-01,  3.2454e-01,  3.6972e-01],
        [ 2.0603e-01, -2.1797e-01,  2.7523e-03],
        [-2.9044e-03, -9.6506e-03, -3.7325e-02],
        [-1.1480e-01, -2.5325e-02,  1.9945e-01],
        [-6.0497e-02, -6.5767e-02, -5.5046e-02],
        [-2.6488e-01, -9.2158e-03,  2.0103e-01],
        [ 9.8609e-02, -1.6057e-01, -1.4711e-01],
        [-7.5382e-03,  9.8461e-02, -1.8127e-02],
        [-7.5586e-02, -6.8536e-02, -1.0913e-02],
        [ 1.4718e-01, -1.9373e-01,  4.8006e-01],
        [ 1.8364e-01,  1.2275e-01,  9.4189e-04],
        [-1.3858e-01,  6.0287e-02, -4.3129e-02],
        [-5.0645e-03, -3.8726e-02, -7.5921e-02],
        [-3.4287e-01, -1.4626e-02,  2.6945e-01],
        [-2.5227e-02,  2.7459e-01,  1.9044e-02],
        [-3.6566e-01, -1.3871e-01,  8.1632e-02],
        [-1.8399e-01, -1.1057e-01,  1.0778e-01],
        [-5.6316e-02, -4.7035e-02,  1.5103e-01],
        [ 6.7079e-02, -6.4458e-02, -1.1532e-01],
        [-1.4967e-01, -1.2163e-01,  1.5975e-01],
        [-1.1237e-02, -3.0610e-02, -3.2894e-02],
        [-6.5873e-02,  4.8661e-01, -1.6212e-01],
        [-9.0438e-02,  1.6259e-01, -1.3702e-02],
        [ 2.2344e-01, -5.3181e-01, -3.9683e-02],
        [ 3.2385e-01,  1.1662e-01, -4.1831e-01],
        [-8.8384e-02,  1.2527e-01,  1.2939e-01],
        [ 2.3699e-01,  1.5176e-01,  2.1994e-01],
        [ 1.1522e-01, -3.3631e-02,  4.2242e-01],
        [ 4.2068e-03,  1.8940e-01,  3.4287e-01],
        [-7.1486e-01, -5.7183e-01,  2.5866e-01],
        [-3.6643e-01, -3.5770e-01, -9.6181e-02],
        [ 2.2362e-01, -2.0255e-02,  2.3582e-01],
        [-9.9726e-03, -6.4342e-02, -2.4977e-02],
        [-1.5193e-01, -3.9263e-01,  6.6182e-02],
        [-5.2762e-02,  1.5764e-01,  4.6641e-01],
        [ 5.0670e-01,  4.2770e-02, -3.0705e-01],
        [-2.2008e-01, -2.2284e-01, -3.6590e-01],
        [-6.1880e-03, -1.9502e-02, -3.6301e-01],
        [-2.8386e-02, -3.1436e-02, -2.9886e-02],
        [-7.5086e-02, -7.2414e-03, -2.3928e-01],
        [ 2.2158e-02,  3.7129e-01,  7.2307e-03],
        [-1.3898e-01, -3.2437e-02, -1.7439e-02],
        [-6.4805e-02, -5.6869e-02,  4.0829e-02],
        [-3.7469e-02,  1.4459e-01, -5.4178e-02],
        [-3.1222e-02,  3.0900e-01,  1.0043e-02],
        [-3.9187e-01, -7.4875e-01, -2.5688e-01],
        [ 3.0919e-02, -3.0806e-01, -4.8101e-01],
        [-7.9309e-02,  6.0097e-02, -2.7341e-01],
        [ 1.2307e-01,  1.0397e-01,  2.1979e-02],
        [-1.2024e-01, -1.6188e-03, -9.4621e-02],
        [-1.3772e-01, -6.0786e-02,  1.0211e-01],
        [ 1.1122e-02,  2.2315e-02,  1.6971e-01],
        [ 4.6672e-02, -2.1148e-01, -2.0585e-01],
        [ 3.7380e-02, -2.2639e-02, -3.8135e-02],
        [ 5.8027e-02,  3.3445e-01, -2.9370e-03],
        [ 4.2423e-02, -5.9345e-02, -8.3378e-02],
        [-4.5856e-02, -2.8903e-02, -5.3207e-02],
        [ 3.0289e-01,  1.1277e-01, -5.0583e-02],
        [-6.2048e-01, -5.5701e-01,  3.9300e-01],
        [-3.6654e-02, -4.0393e-02, -4.7137e-02],
        [ 1.8106e-01,  1.6784e-01, -5.5124e-02],
        [ 2.2202e-02, -4.5462e-02, -3.3939e-01],
        [-1.5927e-01,  1.3646e-01, -1.3751e-01],
        [ 2.6177e-01,  1.6782e-01,  2.4205e-01],
        [ 5.0925e-01, -4.3729e-01, -4.5844e-01],
        [-2.5847e-01,  1.4182e-01,  3.6952e-01],
        [ 4.4134e-02, -9.2419e-02,  3.3039e-02],
        [-4.5981e-02, -5.2452e-02, -3.4113e-02],
        [-5.9338e-02,  5.2393e-01,  4.4632e-01],
        [-7.7917e-03, -8.8621e-03, -1.0188e-02],
        [-5.4111e-02,  9.7298e-02, -8.7764e-02],
        [ 3.1175e-01,  1.3780e-02, -3.5403e-01],
        [ 2.0412e-01, -2.6808e-01, -4.4158e-01],
        [ 2.5174e-01,  3.8708e-01,  3.5797e-01],
        [-4.1437e-02, -1.6759e-02, -1.1190e-02],
        [-7.9633e-01,  4.7480e-01,  2.2369e-01],
        [-1.6951e-01, -4.4069e-02,  3.9231e-06],
        [-3.5239e-02, -9.5767e-03, -2.6172e-02],
        [-1.0112e-01, -2.3607e-02,  2.3429e-01],
        [ 1.1177e-01,  6.7921e-02, -4.5321e-01],
        [-1.6134e-01, -4.9540e-02,  1.2929e-02],
        [-1.8504e-02, -6.1220e-02, -2.9128e-02],
        [ 2.7868e-01, -6.6338e-02, -5.7058e-01],
        [-1.0303e-01, -1.3435e-01,  5.7497e-02],
        [ 1.7197e-01, -1.0118e-02, -2.1914e-01],
        [ 1.9759e-02, -1.3124e-01,  1.7616e-01],
        [-8.8764e-02,  6.3449e-02, -2.1109e-01],
        [ 2.9038e-01,  1.5945e-01, -1.8088e-01],
        [ 2.2665e-01,  2.6726e-01, -1.6527e-01],
        [-6.3126e-01, -5.2654e-01,  5.1886e-01],
        [-1.9988e-01, -4.9135e-01,  1.0071e-01],
        [ 7.9397e-03, -1.3404e-01,  3.7155e-02],
        [-1.2343e-01, -1.9043e-01,  3.0660e-01],
        [ 9.4560e-03, -3.4472e-02,  1.8406e-01],
        [ 1.6445e-01, -4.1740e-01,  4.7733e-01],
        [ 4.3293e-01, -4.2415e-01, -4.4887e-01],
        [ 3.4973e-01,  4.3596e-02, -7.2786e-02],
        [-8.5191e-02,  6.5536e-02, -8.8251e-02],
        [-7.7250e-03, -5.5107e-03, -4.2794e-03],
        [-8.0715e-03, -8.0787e-02, -1.6093e-02],
        [ 2.7900e-01, -2.0102e-01, -1.3496e-01],
        [ 1.1247e-01, -6.9678e-02, -5.7191e-02],
        [-3.3400e-02, -2.9162e-02, -6.2425e-02],
        [ 4.1723e-01, -8.2953e-02,  8.5932e-02],
        [-8.7069e-02, -5.4742e-01, -1.9628e-01],
        [-3.7700e-01, -4.4533e-01, -1.6766e-01],
        [ 3.5447e-02, -4.1142e-02, -1.4924e-01],
        [-4.7639e-03, -2.5475e-01,  4.7985e-01],
        [-1.6701e-01, -3.4919e-01, -1.6761e-01],
        [ 2.4563e-02, -1.0447e-01, -5.3358e-02],
        [-5.3854e-01, -4.0790e-01, -4.2474e-01],
        [-1.9418e-01,  2.3620e-02,  3.6348e-02],
        [-5.0484e-02, -6.9402e-02, -1.6030e-03],
        [-1.8676e-02, -3.1550e-01, -4.7933e-01],
        [ 9.5238e-03,  2.9473e-01,  2.1872e-01],
        [-1.6560e-01, -2.1158e-01, -6.8381e-03],
        [-3.7107e-01, -3.8092e-01,  7.6405e-02],
        [-1.1089e-03,  2.3307e-01, -6.0121e-01],
        [-7.3569e-02, -2.7018e-01, -4.0786e-01],
        [-6.4882e-02,  2.2588e-01, -5.6422e-02],
        [-5.9984e-01, -2.4680e-03, -2.3569e-01],
        [-9.7957e-02, -1.2287e-01, -5.8839e-02],
        [ 2.0748e-02, -4.2899e-02, -3.1287e-02],
        [ 3.3477e-01,  2.1390e-01,  3.1039e-01],
        [-2.4681e-01, -2.3408e-01,  2.2778e-01],
        [-9.5080e-02, -1.5284e-01,  8.2733e-02],
        [-1.8201e-01,  1.5560e-01, -9.6918e-02],
        [-6.1741e-02, -3.9793e-03, -6.8775e-02],
        [-6.9566e-02,  2.4174e-03,  7.5094e-02],
        [-1.4389e-01, -1.0672e-01,  4.7256e-02],
        [ 2.3181e-01,  3.4983e-01, -1.9032e-02],
        [-1.2497e-01,  5.6276e-02, -1.7426e-02],
        [-4.3784e-02, -2.7737e-02, -4.7257e-02],
        [-3.5250e-02, -3.5105e-02, -6.9038e-02],
        [-4.2697e-02, -4.0563e-02, -3.6431e-02],
        [-6.1188e-02, -5.2250e-02, -3.6480e-02],
        [-2.4759e-01, -3.7497e-01, -5.7731e-02],
        [-4.2538e-02, -1.3942e-02, -4.0862e-02],
        [-6.4129e-02, -9.7431e-02,  2.4237e-02],
        [-9.2948e-02,  5.3694e-01, -1.1480e+00],
        [-2.5291e-01, -3.8032e-01, -3.3741e-01],
        [ 2.8804e-01, -2.2052e-01, -5.0584e-02],
        [-2.1925e-01, -2.1721e-01, -3.9537e-01],
        [-1.6242e-01, -2.5361e-01, -3.9311e-02],
        [ 1.4133e-01,  4.9680e-01, -4.2369e-01],
        [ 6.2771e-03, -2.2003e-02, -1.2648e-01],
        [-5.2983e-01, -2.2769e-01, -5.6610e-02],
        [-3.8715e-01,  1.9779e-01,  1.9505e-01],
        [-4.7603e-01,  2.3220e-01, -1.0107e-01],
        [ 9.3904e-02,  1.7863e-01, -4.4583e-01],
        [ 9.4444e-04,  1.7140e-01,  8.0180e-03],
        [ 2.8331e-01,  3.0261e-01, -1.8038e-01],
        [-3.4018e-02, -8.1320e-03,  3.9176e-01],
        [-2.0811e-01,  2.6352e-01,  1.3475e-01],
        [-4.4002e-01, -6.4393e-04,  5.5040e-02],
        [-3.0412e-01,  6.1762e-01, -5.7681e-01],
        [-2.7690e-01, -1.3646e-01, -1.4606e-01],
        [-1.1899e+00, -2.1408e-01, -9.5912e-01],
        [ 1.3212e-01,  1.7162e-01, -6.6497e-02],
        [-1.1871e-01,  1.2229e-01, -4.3911e-01],
        [-4.0653e-02, -2.4313e-01,  3.2720e-01],
        [ 3.1347e-01, -4.4649e-01, -2.6078e-01],
        [-4.0800e-01, -2.8852e-01,  4.5550e-01],
        [-1.2124e-01, -5.5114e-02,  7.8432e-02],
        [-2.8416e-01,  5.0086e-01,  7.9450e-02],
        [-1.3620e-02, -1.8030e-02, -5.0682e-02],
        [-3.3092e-03,  3.4909e-02, -8.8960e-03],
        [-2.4051e-01, -4.6940e-02,  3.3038e-02],
        [-5.9677e-02, -2.9813e-02, -1.5472e-02],
        [-4.1737e-01, -2.7544e-01,  1.6500e-01],
        [-4.1856e-02,  2.9031e-01, -3.7649e-02],
        [ 5.0968e-01,  7.8096e-02, -6.9945e-02],
        [-2.8186e-01, -2.0276e-01, -5.3551e-01],
        [ 9.0130e-03, -2.2551e-02,  1.2025e-02],
        [-5.2397e-01,  2.7785e-01,  3.1979e-01],
        [ 2.7210e-01, -4.0726e-01, -1.3714e-01],
        [ 2.9494e-02, -1.5356e-02,  8.3816e-02],
        [ 1.2134e-01, -5.4476e-02, -2.0450e-01],
        [-9.0125e-02, -5.3020e-02, -7.5195e-02],
        [-2.5784e-01, -1.7330e-01, -5.7865e-01],
        [-4.4246e-02,  2.1431e-01, -2.4428e-02],
        [ 3.9216e-02, -5.7335e-02, -7.6142e-02],
        [ 9.0925e-03, -5.3314e-03, -3.1903e-01],
        [-9.8087e-03,  4.7735e-03,  2.2076e-01],
        [-1.8045e-02, -1.9272e-02, -2.8708e-02],
        [-1.2226e-01, -1.4376e-01,  6.3564e-02],
        [ 2.3120e-02, -1.3497e-01, -2.5435e-02],
        [-8.0017e-02,  1.2497e-01,  6.8295e-02],
        [ 1.3819e-01, -5.1049e-02, -6.0712e-02],
        [ 2.5424e-02, -1.8613e-01, -4.0016e-01],
        [-1.0150e+00,  3.2584e-02, -5.6895e-01],
        [ 4.1786e-01, -7.5479e-01, -1.8683e-02],
        [ 1.8814e-02,  3.9159e-02, -4.6269e-01],
        [ 7.1274e-02, -4.8427e-02, -1.5071e-02],
        [-1.3447e-01, -4.3377e-02, -8.5085e-03],
        [ 5.7933e-02, -2.3246e-01, -6.5839e-03],
        [-4.2594e-01, -2.6860e-01, -3.4508e-01],
        [-1.4552e-01,  5.8247e-02, -4.0802e-01],
        [ 9.6478e-02, -2.0407e-01, -1.6633e-01],
        [-4.6610e-02,  1.4887e-01, -1.5299e-02],
        [-5.1521e-03,  8.7543e-02,  9.9221e-02],
        [ 1.2499e-01,  1.0500e-01, -2.6980e-01],
        [-2.4206e-02, -2.2113e-02, -2.9547e-02],
        [ 8.7219e-02, -1.8038e-01,  1.3908e-01],
        [-1.0845e-02, -2.7377e-03, -2.0200e-02],
        [ 3.1768e-01, -5.2969e-01,  2.4770e-01],
        [ 3.7464e-01,  2.1435e-01,  4.3519e-01],
        [-2.2109e-01, -2.8423e-02,  4.0018e-02],
        [-1.0822e-02,  1.3412e-01, -2.0978e-02],
        [-1.9797e-01, -2.1471e-01,  3.9835e-01],
        [ 2.0862e-01, -7.4686e-02,  2.2949e-01],
        [-2.8135e-01, -4.9857e-03,  1.5863e-01],
        [-2.4871e-02, -4.8722e-02, -5.2334e-02],
        [-4.7812e-03, -3.3772e-02, -3.1468e-02],
        [ 3.3622e-01, -5.9680e-01, -3.4249e-01],
        [-2.3331e-01, -9.0538e-03, -1.6707e-02],
        [-4.3237e-02, -4.7165e-02,  2.1474e-01],
        [-7.8101e-02, -1.0876e-01, -7.5468e-02],
        [ 1.4126e-01, -4.9898e-02, -5.0764e-01],
        [ 4.0016e-02,  5.3185e-01, -7.8651e-03],
        [-1.9615e-02,  8.4734e-02, -5.7747e-02],
        [ 1.5967e-01,  4.4204e-01, -4.9585e-01],
        [-6.6237e-02,  1.1904e-01, -1.2202e-01],
        [ 3.2051e-01,  2.2599e-01,  2.9891e-01],
        [ 4.1464e-01,  2.6766e-01,  2.4890e-01],
        [-6.9105e-01, -5.9138e-01,  3.9026e-01],
        [-2.0742e-01,  1.0172e-02,  2.2477e-01],
        [-2.2346e-01, -2.6961e-01, -4.0151e-01],
        [-3.5487e-01, -5.9695e-01, -3.2234e-01],
        [ 1.3699e-01, -4.7445e-02, -1.0515e-01],
        [-1.0027e-01, -4.2205e-01, -3.6066e-01],
        [-3.8523e-01, -2.6533e-01, -3.7670e-01],
        [-1.3898e-01,  4.3085e-01, -6.3620e-03],
        [-2.3840e-01, -9.7388e-02, -3.5494e-01],
        [-1.7074e-01, -1.3296e-01,  3.8136e-02],
        [-3.4104e-01, -5.2281e-01, -4.8372e-01],
        [-3.0958e-01, -1.0657e-01, -4.2857e-01],
        [-8.8855e-02,  2.8093e-01,  2.5778e-02],
        [ 4.3942e-02, -2.8481e-02,  8.0095e-03],
        [-3.4924e-02, -1.4786e-02, -1.7988e-02],
        [-8.6882e-01,  2.3640e-01, -4.4688e-01],
        [-7.3311e-02,  1.2085e-01, -4.0639e-02],
        [ 2.6578e-01, -5.2020e-01, -8.7073e-02],
        [ 1.4932e-01,  2.0006e-01,  2.9512e-02],
        [ 1.7428e-01,  7.8730e-02, -2.7040e-01],
        [-4.3962e-02, -1.5784e-02, -2.4138e-02],
        [-7.6081e-02, -1.8985e-01, -7.3074e-01],
        [ 3.5442e-02, -3.5897e-01,  1.4096e-01],
        [ 3.0851e-01,  4.2426e-01, -6.8040e-02],
        [-5.8645e-02, -5.7436e-02,  3.1754e-01],
        [ 4.0463e-02,  1.6720e-02,  5.2361e-01],
        [-4.8611e-01,  4.7807e-01, -1.0399e+00],
        [-5.5407e-02, -1.1094e-02, -2.2537e-02],
        [-1.5745e-01, -1.7911e-01,  1.0245e-01],
        [-5.1708e-02,  3.0669e-01,  5.6677e-01],
        [ 1.5190e-01,  4.5827e-01,  1.3944e-01],
        [-1.2649e-01, -8.3375e-02,  1.2004e-02],
        [ 2.3467e-02,  5.5638e-01, -6.6352e-01],
        [-7.3323e-02, -2.2197e-02, -2.3183e-02],
        [-1.9998e-02, -5.8542e-02, -2.5294e-02],
        [-7.7317e-02, -7.7035e-02,  1.6254e-01],
        [-1.0376e-01, -3.7951e-03,  1.0238e-01],
        [-1.5560e-01, -2.2323e-02, -2.3995e-02],
        [-3.3980e-01, -2.5083e-02,  1.5453e-02],
        [-2.4138e-02,  2.1825e-01, -1.8489e-02],
        [ 7.4748e-02, -2.1417e-01, -5.3808e-02],
        [-2.8619e-02,  2.2337e-01, -2.0947e-02],
        [ 4.8244e-01,  2.1944e-01,  3.4966e-01],
        [-7.6014e-03, -9.3665e-02,  2.0874e-01],
        [ 1.3593e-01,  3.6985e-01, -1.1088e-02],
        [-1.2912e-01,  4.0443e-01,  2.7331e-01],
        [-2.6997e-01, -1.4224e-01, -1.6582e-01],
        [ 3.0241e-01,  3.0158e-02, -7.2435e-02],
        [-6.5406e-02,  8.6857e-03, -5.5348e-02],
        [-4.1831e-02, -3.5141e-02, -5.1158e-02],
        [-1.6839e-01, -3.9091e-02, -3.8916e-01],
        [-5.7289e-02,  8.5955e-03, -1.1337e-02],
        [-5.6714e-03, -1.0393e-02,  2.6667e-02],
        [-2.0584e-01, -2.3048e-02,  6.0195e-02],
        [-1.0031e-02,  1.3282e-01,  1.0941e-01],
        [-2.8191e-01, -2.3277e-01, -5.5247e-01],
        [-1.7250e-01,  5.5424e-02, -5.9652e-02],
        [-3.6580e-02, -1.8723e-02, -4.2896e-02],
        [-7.1195e-02, -5.2609e-02,  7.4338e-02],
        [-6.7728e-02,  1.6452e-01,  1.9301e-01],
        [-9.0103e-02, -3.4776e-01,  3.6734e-03],
        [-6.2109e-02,  1.2619e-01, -3.0413e-02],
        [-3.2717e-01, -1.1249e-01, -2.7981e-01],
        [-3.9028e-01, -2.8511e-01, -5.2140e-01],
        [-4.9996e-01, -1.6868e-01,  1.3546e-03],
        [ 8.9688e-02,  2.5999e-02, -1.8740e-01],
        [-6.3387e-02, -6.8804e-03, -1.5458e-02],
        [-2.8291e-02,  4.8486e-01,  4.4178e-01],
        [-8.0580e-01,  3.4516e-01, -1.5257e+00],
        [-2.2421e-02, -2.2695e-02, -1.7588e-02],
        [-3.6066e-02, -3.2055e-02, -1.8167e-02],
        [ 3.3323e-01,  3.4620e-01,  2.0055e-01],
        [-1.3204e-02,  2.9428e-01,  7.2686e-02],
        [-7.1311e-02, -8.2882e-02,  1.0042e-01],
        [-1.0300e-01, -3.9008e-03, -1.1790e-01],
        [-4.0172e-02, -1.7549e-01, -3.3812e-01],
        [-1.6942e-02, -1.0846e-02, -2.5271e-03],
        [-1.3347e-02,  2.8594e-01, -2.6901e-02],
        [-2.0670e-02, -1.0550e-01,  1.4407e-01],
        [ 7.3948e-02, -7.3741e-02, -5.4390e-02],
        [ 2.5976e-02,  3.2136e-01,  1.3236e-01],
        [-3.8404e-01, -1.4837e-01, -7.9785e-02],
        [-1.6301e-01, -2.4946e-01, -2.3100e-01],
        [-7.9656e-02, -3.6452e-01, -4.6453e-01],
        [-1.6876e-02, -2.5417e-02, -2.8172e-02],
        [-1.1369e+00,  1.7309e-01, -6.4023e-01],
        [ 1.0309e-02, -1.9307e-01, -1.5956e-01],
        [ 4.0097e-02, -1.2413e-01, -7.0889e-02],
        [-6.8820e-01, -5.8544e-01,  5.5327e-01],
        [ 2.3715e-02, -3.9347e-02, -8.0477e-02],
        [-6.9168e-02, -6.6349e-02,  1.0383e-02],
        [-3.5190e-02, -9.5677e-02,  4.6447e-02],
        [-2.4515e-01,  6.4201e-02,  1.7542e-01],
        [ 1.2360e-01,  5.3875e-01, -3.6507e-01],
        [-6.5649e-02, -2.3529e-01, -2.5634e-01],
        [ 3.4571e-01,  4.6034e-01, -9.2348e-02],
        [-3.4345e-03,  1.8624e-01, -3.1975e-02],
        [-3.0377e-01, -2.0412e-02,  2.8577e-01],
        [-7.3697e-03,  1.7940e-01, -2.6472e-02],
        [ 2.9423e-02, -1.2131e-01, -8.2183e-02],
        [ 3.7406e-01,  2.3927e-01,  3.4992e-01],
        [-4.7905e-01, -5.1369e-01, -3.7340e-01],
        [ 1.4933e-01,  1.4711e-01,  3.3096e-01],
        [ 1.7352e-01, -3.6010e-02, -1.5308e-01],
        [ 4.2371e-02, -4.7254e-02,  1.6205e-01],
        [-1.1223e-01, -1.0308e-02, -2.2997e-01],
        [ 2.2600e-02, -2.2960e-02, -6.4065e-02],
        [-7.5735e-01, -3.8326e-01,  3.1023e-02],
        [-3.0263e-01, -2.6676e-01,  8.0163e-02],
        [-2.7325e-02, -3.7839e-02, -2.8249e-02],
        [-1.6911e-01, -7.5941e-03, -2.9080e-02],
        [-3.8611e-02,  3.6239e-01, -2.1914e-02],
        [-1.7309e-01, -2.0566e-01,  6.4451e-02],
        [-1.0915e-01,  3.8682e-02,  1.8672e-01],
        [-9.2411e-01,  5.7706e-02,  9.0577e-02],
        [-1.9068e-02, -7.5948e-03, -1.7855e-02],
        [ 2.0639e-01, -1.0027e-01,  2.9927e-01],
        [-3.1375e-01, -4.3664e-01, -6.6584e-01],
        [ 3.5731e-02, -2.2249e-01,  2.5096e-01],
        [-7.9037e-02, -6.0937e-02,  7.4536e-02],
        [-9.1205e-01,  1.0586e-01, -5.1807e-01],
        [ 1.7291e-01,  6.1988e-02, -6.5359e-02],
        [ 3.4789e-01,  2.9438e-01, -6.0903e-03],
        [-1.7753e-01, -3.7676e-02, -1.4808e-01],
        [-4.3380e-01, -3.7122e-01,  1.7350e-01],
        [-1.1516e-01, -1.3892e-01, -3.0283e-01],
        [-2.6439e-01,  4.1599e-01,  3.7943e-01],
        [ 2.5323e-01, -4.2037e-01, -4.0453e-01],
        [-5.4778e-01, -4.8878e-01,  4.8734e-01],
        [-2.6035e-02, -6.9777e-02, -4.0918e-02],
        [ 1.9327e-01, -2.3205e-02, -1.1537e-02],
        [-1.4751e-02, -5.0838e-02, -5.6908e-02],
        [ 1.7468e-03,  3.2801e-01,  4.8425e-02],
        [-9.9555e-01,  1.1787e-01, -8.3639e-01],
        [ 1.6697e-01, -1.6159e-01,  1.4748e-01],
        [-4.7033e-02, -3.9737e-02, -5.1546e-02],
        [-8.3716e-02, -9.0317e-02,  4.8062e-01],
        [-3.2839e-01,  1.1491e-02,  3.8270e-01],
        [-7.8627e-03, -4.4905e-02, -6.6445e-02],
        [ 6.2798e-02,  1.4342e-01, -2.5306e-02],
        [-7.5583e-01, -3.1646e-02, -7.5881e-01],
        [ 4.2551e-01, -6.5161e-01, -1.2680e-01],
        [ 2.5165e-01,  2.7728e-01, -2.0545e-01],
        [-1.2767e-01, -1.9130e-01, -4.4676e-01],
        [-9.9603e-03, -1.3699e-02, -2.3554e-03],
        [-1.1346e-01,  5.7832e-02, -5.1710e-02],
        [ 2.2135e-01,  4.7387e-01, -5.9375e-02],
        [-3.0832e-01, -4.4846e-01, -2.6373e-01],
        [-1.7850e-02, -5.1248e-02, -2.9916e-02],
        [ 1.2227e-01,  2.0135e-01,  1.7822e-01],
        [ 8.3538e-03, -3.8916e-02, -6.0227e-02],
        [-1.6987e-01,  7.5588e-02,  1.4279e-01],
        [-5.3693e-02, -4.1545e-02, -5.3300e-02],
        [-1.7545e-02, -2.7330e-02, -4.7278e-02],
        [ 4.3333e-04,  3.8119e-02,  4.3332e-02],
        [-1.4575e-01, -1.2151e-02,  3.0541e-01],
        [ 1.1238e-01, -2.0761e-01,  3.1308e-02],
        [-6.4847e-02, -9.7812e-02, -1.4133e-01],
        [-3.8207e-02, -7.8008e-03,  3.5946e-02],
        [-8.8573e-01,  3.4115e-02, -5.1297e-01],
        [-7.5438e-01, -2.1032e-01, -4.7688e-01],
        [-1.6042e-01, -1.9820e-02, -3.4427e-01],
        [-3.5769e-02, -1.7174e-02, -3.8151e-02],
        [-4.9957e-01, -2.6210e-01,  3.8176e-01],
        [ 9.4769e-02, -3.9026e-02, -1.6097e-01],
        [-1.5336e-02,  3.4229e-01, -3.1573e-02],
        [-6.5912e-02, -3.7915e-02,  1.0930e-01],
        [-2.6780e-01, -2.7151e-02,  5.4920e-01],
        [-2.6613e-02, -2.0583e-02, -1.6851e-02],
        [-2.1756e-01,  9.7395e-02, -2.7221e-03],
        [-1.9965e-02, -6.9810e-02,  3.5613e-01],
        [ 4.2200e-01,  1.0885e-02, -3.9058e-02],
        [-3.1606e-02, -2.0706e-01, -8.8275e-03],
        [-1.7286e-01,  4.1371e-03,  9.5083e-02],
        [ 1.4875e-02, -1.5354e-01, -2.0917e-01],
        [-4.4790e-01,  1.6919e-01, -3.6600e-01],
        [-1.0802e+00,  2.2013e-01, -5.8528e-01],
        [ 2.3244e-01,  1.8067e-01, -8.9620e-02],
        [-3.5270e-02, -9.1881e-02,  4.8922e-03],
        [-7.1910e-01,  1.5395e-01,  2.1578e-01],
        [ 2.1633e-01, -4.8684e-02,  3.2934e-02],
        [-1.3707e-02,  1.2884e-01, -8.6087e-02],
        [-3.3717e-02, -3.2218e-02, -1.8157e-02],
        [-6.7044e-01,  3.5446e-01, -1.0315e+00],
        [-5.1949e-02, -4.0115e-02, -6.0441e-02],
        [-9.8681e-01,  1.3393e-01, -6.0895e-01],
        [-2.3518e-01, -2.0311e-01, -8.2282e-01],
        [-6.6695e-04,  2.9667e-03,  2.8747e-01],
        [-6.3842e-01, -2.6789e-01, -1.8773e-02],
        [-6.8718e-02,  1.4819e-01,  1.2284e-01],
        [-1.9205e-01, -2.9137e-01, -4.1515e-01],
        [-7.2087e-03, -3.8975e-02, -8.0801e-02],
        [-2.8215e-02, -6.3970e-03,  3.5400e-01],
        [-1.2679e-01, -1.4177e-01, -2.1179e-01],
        [-2.7181e-02, -1.5902e-01,  2.0713e-01],
        [-9.1256e-02,  8.2678e-02,  3.9846e-02],
        [-1.4079e-01,  1.4543e-01,  2.2020e-02],
        [-3.0766e-01,  1.7563e-02, -3.2532e-01],
        [-5.6270e-01,  3.5120e-01, -2.6349e-01],
        [ 2.4823e-03, -2.1134e-01,  3.4209e-01],
        [ 2.4470e-01, -3.2073e-01, -5.3639e-01],
        [-1.6440e-01,  2.6436e-01,  3.8287e-02],
        [ 4.0689e-02,  3.6478e-01,  2.2482e-01],
        [-4.5622e-02, -3.7167e-02, -6.0248e-02],
        [-2.1850e-01,  2.4103e-02,  1.9207e-01],
        [-2.2057e-02,  1.6340e-01, -7.4581e-01],
        [ 1.1585e-01, -6.6988e-01, -8.5721e-03],
        [ 1.6677e-01,  4.0853e-01,  3.1468e-01],
        [-2.8301e-02, -5.5752e-02, -2.3177e-02],
        [-2.3582e-01, -2.3893e-01, -2.6844e-01],
        [-3.3239e-01, -2.6700e-01, -1.4515e-02],
        [-1.0895e-01, -4.4558e-01, -8.1118e-01],
        [-3.1744e-03, -6.9001e-02,  1.4349e-01],
        [ 3.7924e-01,  3.7426e-01, -1.5105e-01],
        [-2.4098e-01, -3.7027e-01, -3.4166e-01],
        [-3.5936e-01, -5.7159e-02, -3.3596e-01],
        [-4.1312e-01, -3.1222e-01, -4.0070e-01],
        [ 1.2458e-01, -1.5611e-01, -1.5144e-01],
        [-4.0062e-01, -2.8553e-01, -4.0367e-01],
        [ 4.2314e-02, -4.2998e-01, -2.2388e-01],
        [ 1.4554e-01, -1.7061e-01, -3.6709e-02],
        [-4.6260e-01, -3.0124e-01,  4.3670e-01],
        [-6.6096e-01, -6.9781e-02,  1.5782e-01],
        [-4.9769e-02,  1.2232e-01, -8.4860e-02],
        [ 4.3652e-02, -7.9556e-02,  1.6235e-01],
        [-8.5582e-01,  2.6538e-01, -1.7453e+00],
        [-2.5646e-01, -1.8701e-02, -1.3059e-01],
        [ 2.3578e-01, -1.5103e-01, -7.2571e-02],
        [ 3.9584e-01, -1.9165e-01,  1.9679e-02],
        [ 4.7276e-01,  3.4730e-02, -3.4141e-02],
        [-2.1019e-03, -7.0872e-02, -2.4111e-02],
        [-3.3753e-01, -1.9159e-02, -4.8695e-02],
        [ 2.9517e-02,  3.3116e-01, -2.5011e-01],
        [ 4.1042e-01, -4.6481e-01, -2.1736e-01],
        [ 9.9035e-02,  5.4337e-02,  1.0346e-02],
        [-1.2991e-02, -1.2920e-01, -1.4870e-01],
        [ 3.7718e-02,  3.1773e-01, -5.6143e-01],
        [ 4.7190e-02,  3.4326e-02, -2.8990e-01],
        [-2.3605e-02, -4.3683e-02, -5.8681e-02],
        [ 1.2348e-01, -1.0760e-01, -2.0082e-02],
        [-2.0719e-02, -5.7451e-02, -5.3435e-02],
        [ 3.8437e-01, -3.2884e-01,  3.4029e-01],
        [-2.2713e-01, -2.8455e-03,  1.8109e-02],
        [-2.7992e-01, -1.2863e-01, -1.9566e-01],
        [-3.1923e-02,  1.7280e-01, -4.6956e-02],
        [-3.4992e-01,  2.1921e-02, -1.1866e-01],
        [ 2.5866e-02, -1.4369e-02, -5.3885e-02],
        [-2.6313e-01,  3.8896e-02,  2.9212e-01],
        [-3.8653e-01, -6.7194e-02, -3.1955e-01],
        [-4.4122e-01,  5.2058e-01, -7.6631e-01],
        [-4.8616e-01, -2.7559e-01,  1.6897e-01],
        [-2.9693e-03, -7.3069e-01, -3.8897e-01],
        [-5.0779e-01,  8.6045e-03,  1.1376e-01],
        [-3.1687e-01, -1.3167e-01, -3.0752e-01],
        [ 1.6218e-01,  1.0842e-01, -1.2438e-01],
        [ 1.0996e-01, -6.0992e-03, -1.6457e-01],
        [-4.0013e-02, -2.2772e-03, -2.7441e-02],
        [ 2.2423e-01, -1.2777e-01, -6.3358e-02],
        [-1.7528e-01,  1.0712e-01, -9.1357e-03],
        [-1.7822e-02, -1.1600e-01, -7.8914e-02],
        [-7.4179e-01,  4.3105e-01, -3.4484e-01],
        [-4.1333e-02, -4.1800e-02, -7.9189e-02],
        [ 1.4232e-02,  3.0387e-01,  5.0017e-02],
        [-2.0191e-02, -2.3105e-02, -1.9061e-02],
        [ 6.6116e-02, -4.5326e-02, -3.9824e-02],
        [-5.3533e-02,  8.3144e-02,  1.4788e-02],
        [-1.2772e-01, -1.0488e-02, -5.2751e-02],
        [-1.0265e-01,  1.1334e-02,  1.1532e-01],
        [-5.4405e-02, -3.2244e-02, -2.9747e-02],
        [-3.5712e-01,  3.9878e-02, -3.4844e-01],
        [-6.5664e-02, -7.8538e-02, -5.0092e-02],
        [ 1.3129e-01, -2.3886e-01, -5.4278e-01],
        [-6.1475e-01,  4.3273e-01,  1.6914e-01],
        [ 2.0028e-01,  1.4842e-01,  5.1131e-02],
        [-4.9486e-01,  5.5245e-02, -4.4693e-01],
        [ 4.7143e-03, -3.3249e-01, -4.7727e-01],
        [ 3.2612e-01, -8.5407e-02,  6.6388e-02],
        [-2.1556e-02,  2.9740e-01, -3.9537e-01],
        [-9.4371e-01,  3.8270e-01, -5.2551e-01],
        [ 1.5040e-01, -1.0765e-01,  1.0199e-02],
        [-2.2662e-01, -1.1242e-01,  3.2866e-02],
        [-5.8085e-01, -2.4278e-01,  3.2572e-01],
        [-3.4267e-02,  2.1238e-01, -2.7971e-02],
        [-5.6989e-02,  2.1134e-01, -2.9393e-01],
        [-2.3219e-02, -1.5567e-02, -7.2842e-03],
        [-4.0083e-02, -2.8016e-02, -1.2830e-02],
        [ 1.7316e-01, -2.6636e-02,  1.3271e-01],
        [-3.7506e-01,  4.4564e-02,  9.8660e-02],
        [-2.0433e-02, -8.4436e-03, -6.6007e-03],
        [ 3.8050e-01, -1.7440e-02, -2.4246e-02],
        [-2.5214e-01,  7.0241e-02,  6.6958e-02],
        [-2.0727e-01,  3.0699e-01,  4.4891e-01],
        [-3.7178e-02,  2.5128e-01, -6.7765e-02],
        [ 1.3366e-01, -8.0952e-01,  1.1704e-01],
        [-3.6919e-01,  2.3456e-01,  4.7513e-03],
        [-2.5518e-02,  2.4704e-01,  3.5097e-02],
        [-6.5893e-02,  7.8756e-04, -8.7825e-02],
        [-5.7217e-01, -1.3162e-01, -5.9490e-01],
        [-9.4418e-02, -9.3836e-02,  4.5358e-02],
        [-2.5970e-02, -5.5733e-02, -2.0806e-02],
        [-3.3944e-02, -1.3317e-01,  2.6825e-01],
        [ 1.3187e-01, -2.4035e-02,  1.3863e-01],
        [-7.7465e-02, -3.8426e-02,  4.2917e-02],
        [ 1.4960e-01, -3.5090e-01, -4.2000e-01],
        [ 2.3048e-01,  1.4821e-02, -2.2659e-01],
        [-3.6422e-01, -2.0558e-01, -6.0539e-01],
        [-5.2777e-02, -4.0443e-03, -1.6907e-02],
        [-1.5274e-01, -5.3682e-02, -2.6557e-02],
        [-5.3407e-01, -4.1560e-02,  1.5388e-01],
        [-1.7820e-01,  5.4073e-01, -1.0553e-01],
        [-1.0072e-01, -9.0567e-02,  1.9054e-01],
        [ 4.7135e-03,  6.6247e-03, -1.6912e-01],
        [-6.1223e-02, -2.1326e-02,  6.7888e-03],
        [ 2.0071e-01,  1.8150e-01,  3.5411e-01],
        [ 4.2760e-01, -4.0328e-01, -3.7230e-01],
        [-6.8817e-03,  9.0074e-02, -1.1241e-02],
        [ 3.9686e-01, -2.9881e-02, -3.0353e-02],
        [-7.6185e-02, -3.1985e-02,  2.9749e-01],
        [ 3.4648e-02, -2.5278e-01, -1.7054e-01],
        [-2.7152e-01, -1.1087e-01,  4.0499e-01],
        [-5.3331e-01,  9.3003e-02, -4.6044e-01],
        [-6.9138e-01, -5.9907e-01,  6.8385e-01],
        [-6.3477e-02,  2.5962e-01,  1.0120e-01],
        [-3.7605e-02, -2.1768e-02, -5.6135e-02],
        [-4.4399e-01, -3.1026e-01, -4.3386e-01],
        [ 1.7185e-02, -1.9393e-02, -1.3745e-02],
        [-3.4661e-02, -2.1096e-02, -4.6058e-02],
        [-6.5484e-01, -2.3235e-01,  9.3905e-02],
        [-1.1848e-01, -1.8165e-01, -1.6827e-01],
        [-3.2627e-01, -4.6232e-01, -5.0784e-01],
        [-5.3266e-02,  1.4259e-01, -3.2814e-02],
        [-8.9384e-02,  1.0992e-02,  1.6129e-01],
        [-7.5143e-02, -8.9281e-02, -6.8571e-02],
        [-3.8188e-01, -1.1554e-01, -5.3515e-01],
        [ 3.4770e-01,  2.2584e-01,  3.2388e-01],
        [ 3.0476e-01,  3.0329e-01, -8.2217e-01],
        [-1.8909e-02, -4.8089e-02, -3.8549e-02],
        [-1.1604e-01, -6.7224e-02, -2.1269e-02],
        [-8.3065e-02,  6.3382e-02,  1.2420e-02],
        [ 2.7930e-01, -3.6823e-01, -1.4030e-01],
        [-3.5658e-02, -1.6885e-02, -4.9077e-02],
        [-6.0588e-02,  2.1075e-01, -5.9330e-03],
        [-1.1340e-01, -2.8789e-02, -4.5633e-02],
        [-9.0305e-02,  4.1753e-03, -7.5053e-02],
        [-8.7760e-03, -1.7626e-02, -6.9077e-02],
        [-1.1362e+00, -1.4009e-01, -9.6968e-01],
        [ 1.6943e-01, -4.7878e-02, -2.9766e-01],
        [-1.0113e-01,  2.0680e-01,  1.8202e-01],
        [-5.2261e-02, -1.3770e-01,  1.4072e-01],
        [-3.9399e-02, -6.4826e-03, -6.4428e-03],
        [-1.1832e-02, -4.9807e-02, -2.1153e-02],
        [-2.3115e-01, -2.1086e-02, -3.7814e-01],
        [-1.3458e-01, -2.8218e-02,  2.3739e-01],
        [ 1.1032e-01, -7.5262e-02,  1.7563e-01],
        [ 1.8921e-01,  2.0945e-01, -1.9571e-01],
        [ 1.5145e-01,  2.0253e-01, -5.3141e-01],
        [ 2.1487e-01,  2.9513e-01, -1.0113e-01],
        [ 1.1861e-01, -6.8879e-03,  4.2063e-01],
        [-5.6561e-01, -5.6034e-01,  4.6184e-01],
        [-1.0105e-01, -5.4259e-02, -5.2954e-02],
        [-2.1718e-02, -2.4899e-02, -8.5912e-02],
        [-3.9029e-01, -1.9092e-01, -1.3866e-01],
        [ 3.0214e-01, -1.5172e-02,  2.4500e-02],
        [ 4.1293e-02,  4.4770e-02,  1.5200e-01],
        [-4.3361e-01, -1.8524e-02, -2.6683e-02],
        [ 1.2427e-02, -7.1255e-02, -7.5357e-02],
        [ 1.3773e-01,  3.0152e-02,  1.9849e-01],
        [ 1.2643e-01, -8.8179e-02,  9.5238e-02],
        [ 4.5230e-01, -5.0256e-01, -4.7330e-01],
        [-1.1816e-01, -5.8022e-02,  4.5942e-02],
        [-1.7845e-01,  2.7856e-01, -3.3836e-01],
        [-8.3589e-01, -6.6099e-01,  3.9802e-01],
        [-2.0762e-02,  6.3720e-04,  4.5758e-01],
        [-5.1083e-02, -5.3115e-02, -7.3097e-02],
        [-2.2222e-02, -1.0980e-01, -1.0446e-01],
        [-4.1289e-01, -4.0711e-01, -7.0311e-01],
        [ 3.2370e-01, -1.1218e-01,  1.0599e-02],
        [-7.5295e-02,  2.7039e-01,  2.2757e-01],
        [ 4.9316e-03,  2.5988e-01, -4.9164e-02],
        [-3.8674e-02, -7.5550e-02,  1.0411e-01],
        [ 6.8503e-02, -4.9873e-02,  3.5661e-03],
        [ 3.0240e-03,  3.0706e-01, -2.4303e-01],
        [ 5.0573e-01,  2.5159e-01,  3.8815e-01],
        [ 1.5172e-01,  4.3233e-01,  3.7007e-02],
        [ 1.9453e-01,  1.8016e-01, -3.2965e-01],
        [-1.1053e-01,  6.0002e-02, -3.1667e-01],
        [ 4.1979e-01,  2.0749e-01, -3.1520e-02],
        [-1.2307e-01, -1.1078e-03, -9.5258e-02],
        [-2.9715e-02, -4.0467e-02, -2.9635e-02],
        [-3.5081e-01, -2.5350e-01, -3.6002e-01],
        [-2.7486e-01, -4.2161e-01, -3.8963e-01],
        [ 2.9450e-02,  1.9310e-01, -1.0251e-01],
        [-8.6299e-02,  2.9539e-01,  4.1219e-01],
        [-6.9326e-02,  2.6804e-02, -6.9877e-02],
        [ 3.1667e-01,  3.3272e-01, -4.0975e-01],
        [-2.7234e-02,  3.0768e-02,  3.9948e-01],
        [ 9.3919e-02,  2.3920e-03,  7.5766e-02],
        [-8.8660e-03, -2.1498e-02, -1.6209e-02],
        [ 2.6939e-01, -7.0086e-02, -9.0438e-02],
        [-6.1352e-01, -5.7395e-01,  4.1960e-01],
        [-2.1812e-03,  5.0238e-02, -1.4668e-02],
        [-2.1206e-01, -3.2556e-01, -3.0074e-01],
        [ 1.1985e-01,  3.9762e-01, -3.7420e-01],
        [-3.0352e-01,  1.2370e-01, -2.4947e-01],
        [ 2.4223e-01, -6.7566e-02, -4.7257e-02],
        [-4.5404e-03, -3.2236e-01,  7.9293e-02],
        [-9.3520e-01, -5.7335e-01,  2.6119e-01],
        [-6.2222e-01,  2.7496e-01, -3.3330e-01],
        [-1.1916e-01, -1.6398e-02, -2.2166e-01],
        [-2.5725e-01, -2.8954e-01,  3.3964e-01],
        [-1.7264e-01,  8.2901e-02,  4.7665e-01],
        [-6.2978e-01, -9.3702e-02, -1.3955e-02],
        [-1.3385e-02,  7.1016e-02, -5.4175e-02],
        [-1.5945e-02,  1.3530e-01, -1.1249e-02],
        [ 2.0247e-02,  1.8241e-01, -1.4295e-02],
        [-4.3881e-01, -2.7861e-01, -2.3089e-01],
        [-4.3840e-01, -3.6338e-01, -1.0934e-02],
        [ 2.0609e-01,  1.6631e-01, -2.8663e-01],
        [-8.0519e-01,  2.4845e-01, -8.5827e-01],
        [-1.3468e-02, -1.4588e-02,  2.8471e-01],
        [-2.0476e-02, -5.3275e-01, -2.1394e-01],
        [-4.9863e-02,  1.2065e-02, -4.8467e-02],
        [-5.7081e-02, -9.3503e-02, -7.2404e-02],
        [ 1.3450e-01,  1.6908e-01, -2.0868e-01],
        [-5.6197e-01, -4.4747e-01, -6.4943e-02],
        [ 9.2032e-02,  8.9228e-02, -5.6475e-03],
        [-8.3588e-02, -1.3553e-01,  1.6930e-02],
        [-4.1778e-01, -5.0592e-01,  2.1631e-01],
        [-3.4399e-02,  1.9367e-01, -4.2988e-02],
        [ 3.6503e-01,  2.0924e-01, -4.1390e-01],
        [-7.4356e-02, -4.7561e-02, -1.1246e-02],
        [-5.2866e-01, -3.3606e-01, -1.1238e-01],
        [-2.8440e-02, -3.8959e-02, -5.1835e-02],
        [ 1.2516e-01, -3.0586e-02, -3.0955e-02],
        [-2.9060e-01, -1.4558e-01, -1.2560e-01],
        [-6.0794e-01,  5.5634e-01, -5.5981e-01],
        [-7.7221e-02, -5.0721e-02, -3.7476e-02],
        [-2.0663e-02, -5.3325e-02, -7.4920e-02],
        [-1.0593e-02, -5.0005e-02, -6.5190e-02],
        [-1.4492e-01, -3.4546e-01,  7.4473e-02],
        [ 6.1692e-03, -4.1071e-01, -3.4163e-01],
        [-2.1161e-02, -2.3254e-01,  7.1150e-02],
        [-3.1423e-03, -3.2414e-02, -2.2310e-02],
        [-1.1581e-01,  1.6685e-01,  2.8969e-02],
        [-1.5736e-01, -1.5911e-01,  1.8606e-02],
        [-3.7298e-01, -4.2037e-01, -4.5578e-01],
        [-3.7857e-01, -1.6547e-01, -3.3834e-01],
        [ 1.2997e-02,  1.1436e-01, -1.9474e-01],
        [-7.4170e-02,  2.1600e-01, -3.8142e-02],
        [-4.2266e-01, -3.8656e-01,  1.7656e-01],
        [-2.9659e-02,  1.1528e-02,  1.4264e-02],
        [-5.3367e-01, -4.4683e-01,  2.0254e-01],
        [-2.7615e-02, -3.3469e-02, -8.5256e-03],
        [-3.9305e-01,  2.6464e-01,  1.4055e-01],
        [ 8.8672e-02, -1.9883e-01,  3.6818e-01],
        [-4.9627e-02, -3.7232e-02, -2.7790e-02],
        [ 5.1574e-02, -1.0984e-01, -6.0433e-02],
        [-6.0728e-02, -1.3414e-01, -2.2260e-01],
        [-1.7841e-01, -2.5272e-01, -2.2681e-01],
        [-1.6783e-01, -2.7396e-01, -6.5874e-02],
        [-5.2731e-01, -2.7206e-01,  1.1896e-01],
        [-5.6618e-02, -4.0682e-02, -8.4411e-02],
        [-7.4105e-02, -3.5308e-02, -2.3497e-01],
        [-1.2676e-01,  9.0973e-02,  5.5760e-02],
        [-4.1931e-01, -1.2099e-01, -6.9970e-01],
        [-6.1958e-02, -4.1050e-01, -3.2173e-01],
        [-6.9533e-02, -9.1407e-03, -6.8125e-02],
        [-1.5525e-01,  1.0768e-01, -2.3680e-02],
        [-1.2409e-02, -1.1227e-01,  3.1219e-02],
        [ 1.3998e-02, -8.3194e-02, -2.9938e-02],
        [-3.1391e-02, -3.7882e-02, -4.0799e-03],
        [-3.3069e-01,  4.1207e-01,  1.8546e-02],
        [-1.8003e-01,  4.8063e-02, -1.7486e-01],
        [ 1.9495e-02, -1.8599e-01, -4.1936e-03],
        [-3.7336e-01,  2.9478e-03, -4.5466e-01],
        [-1.7775e-02, -3.0484e-01, -2.5072e-02],
        [ 4.2044e-02,  2.0511e-01, -2.8738e-02],
        [-1.6481e-01, -4.2667e-03, -1.2480e-01],
        [ 2.9873e-02, -3.4727e-02,  2.3760e-01],
        [ 4.5212e-01, -3.3485e-01, -8.1853e-01],
        [-1.5564e-02,  1.8462e-01,  9.9272e-02],
        [ 6.5091e-02, -2.1108e-02,  1.5675e-01],
        [-6.7480e-01, -5.4086e-01,  7.6298e-02],
        [ 6.8433e-02,  2.2764e-01, -5.3661e-02],
        [ 1.1517e-01, -2.2139e-01,  2.2212e-01],
        [ 1.5124e-01, -8.5883e-02,  1.9809e-02],
        [-3.5241e-02, -1.8698e-02, -5.7099e-02],
        [-1.0632e-01,  8.1624e-02, -5.6113e-02],
        [ 2.6493e-01,  5.4833e-04, -3.7015e-02],
        [-1.1856e-01, -4.7548e-01, -3.2683e-01],
        [ 7.8077e-03,  5.2383e-02, -4.7397e-02],
        [-3.2471e-01, -1.5598e-01, -2.4288e-01],
        [-5.2710e-01, -1.6224e-01, -4.3776e-01],
        [-6.0082e-02, -5.2959e-02, -7.0675e-02],
        [-2.5720e-01,  2.3939e-01, -8.3680e-02],
        [-1.6045e-01, -4.3926e-01,  3.7002e-01],
        [-8.0554e-03, -5.6155e-05, -7.3532e-03],
        [-2.8695e-01, -3.9211e-01, -9.6274e-01],
        [-3.6676e-01,  5.7824e-01, -6.7674e-01],
        [-2.8594e-01,  4.4802e-01, -1.0071e+00],
        [-4.3164e-01,  3.8426e-01,  3.0164e-01],
        [-8.1060e-01,  1.0272e-01, -5.4106e-01],
        [-7.0195e-01, -4.6978e-01,  3.1229e-02],
        [-9.5940e-01,  6.8829e-02, -9.9143e-01],
        [-1.3214e-02, -2.2514e-01, -3.7387e-02],
        [ 1.5455e-02, -8.5932e-02, -8.7941e-02],
        [-2.5905e-01,  1.3125e-01,  1.0785e-01],
        [ 2.8661e-02, -5.7559e-02,  5.8214e-02],
        [-1.2476e-01, -1.3472e-01,  4.8634e-02],
        [ 1.2388e-01,  2.0062e-01, -9.2448e-02],
        [-1.8456e-02, -2.1685e-02, -8.8802e-03],
        [ 4.6850e-01, -3.7300e-01,  1.6082e-01],
        [-7.6654e-01,  3.1451e-01, -1.2184e+00],
        [-7.0489e-03,  2.1393e-01, -3.9617e-02],
        [-3.3085e-02, -5.6543e-02,  4.6063e-03],
        [-1.1069e-02, -3.7717e-03, -5.2673e-02],
        [-1.0364e-02, -2.5532e-02, -2.1449e-02],
        [ 4.9359e-02,  8.5788e-02,  2.5365e-02],
        [-3.1591e-01, -4.1557e-02,  5.6994e-02],
        [-3.4173e-02,  2.5804e-01, -3.7150e-02],
        [-5.3571e-01, -2.5243e-01, -2.8603e-01],
        [-9.8050e-01,  1.5326e-01,  7.1843e-02],
        [-5.2850e-02, -7.2636e-02, -1.6153e-02],
        [-9.8275e-02, -7.7326e-03,  1.5001e-01],
        [ 7.0090e-02,  8.1168e-02,  8.6320e-02],
        [-1.0500e+00,  6.9306e-02, -1.2769e+00],
        [-2.5929e-01, -1.3408e-01,  3.7928e-01],
        [-7.3562e-01,  5.5161e-01, -1.6922e+00],
        [ 1.4617e-01,  2.3991e-01,  7.0479e-03],
        [-1.3465e+00, -5.9282e-03, -1.1285e+00],
        [-3.8193e-01, -2.8086e-02,  2.9863e-01],
        [-1.0509e+00, -6.1453e-01, -7.8106e-02],
        [-7.6099e-02, -5.1602e-01,  1.8102e-01],
        [ 2.9962e-03, -5.6683e-02, -4.6828e-02],
        [ 1.8748e-01,  1.4760e-02, -2.5853e-01],
        [-2.0874e-02, -1.0697e-01, -8.3274e-02],
        [ 1.7051e-01, -1.0063e+00, -3.4989e-01],
        [-3.5737e-02, -3.1607e-02, -4.5420e-02],
        [-4.8931e-02,  1.0922e-01, -2.2363e-01],
        [-3.6555e-02, -3.9240e-02, -6.4154e-03],
        [ 1.9794e-01, -5.3912e-01, -3.0565e-01],
        [ 1.6831e-01, -4.7961e-01,  1.3338e-04],
        [ 4.3057e-01,  3.6328e-01,  2.0252e-01],
        [-5.9924e-02,  3.2865e-01,  2.5132e-01],
        [-2.1473e-01,  1.0730e-01,  1.5260e-01],
        [ 3.9448e-01,  2.6851e-01,  2.7833e-02],
        [-5.4578e-01, -3.3691e-01,  4.3549e-02],
        [-3.8116e-01,  3.6731e-01, -1.1901e+00],
        [-1.0837e-01, -3.1828e-01, -4.1135e-01],
        [-1.0640e-01, -3.0448e-03,  3.0868e-02],
        [-4.4366e-01, -3.4352e-01, -9.2459e-02],
        [-4.3040e-02, -3.5248e-02, -3.1100e-02],
        [-4.1145e-02, -4.0532e-02, -3.8981e-02],
        [ 3.4770e-01,  2.2913e-02,  9.8405e-03],
        [ 1.8140e-02, -7.2113e-02,  1.4629e-01],
        [-5.0143e-01, -2.1529e-01, -2.3299e-01],
        [-3.0995e-01, -6.1606e-02, -1.8549e-01],
        [ 1.7962e-01,  1.9387e-01, -7.6401e-02],
        [ 8.9570e-02,  1.4436e-01, -2.1546e-01],
        [-8.6853e-01,  9.0957e-02, -4.5899e-01],
        [ 1.0525e-01, -1.6499e-02, -7.3509e-02],
        [-6.2553e-02, -6.6043e-02, -7.9154e-02],
        [-1.0883e-01,  1.3445e-01, -3.1386e-02],
        [-6.8284e-01, -2.2708e-01, -2.0233e-01],
        [-4.6743e-02,  5.5408e-01, -4.3146e-01],
        [-4.9611e-01, -3.5788e-01, -4.9750e-01],
        [-2.6763e-02, -2.6793e-02, -2.2862e-02],
        [-9.0545e-02, -4.1230e-01, -3.6063e-01],
        [-3.9251e-02, -3.4992e-02, -5.5736e-03],
        [-1.5500e-01, -8.7661e-02, -8.0032e-02],
        [ 3.6717e-01, -3.0892e-01, -3.3285e-01],
        [ 6.9687e-02,  6.8453e-02, -1.7482e-02],
        [-2.0050e-01,  1.0675e-01, -6.2145e-03],
        [ 1.6948e-02, -1.9368e-01,  3.2825e-02],
        [-6.6551e-01,  6.1002e-02, -6.0269e-01],
        [-9.1365e-02, -1.2023e-01,  5.6274e-02],
        [-7.8759e-03, -9.4113e-03, -4.1243e-03],
        [-2.6259e-01, -2.0157e-01, -6.1067e-03],
        [-4.5657e-01, -2.6409e-02, -3.0389e-01],
        [-3.1911e-02, -7.1448e-02, -4.6254e-02],
        [-4.0749e-01, -5.0018e-01, -5.4651e-01],
        [-1.2210e-02, -1.3447e-02, -1.7350e-02],
        [-3.6524e-01, -3.6554e-01, -1.2401e-01],
        [-2.0180e-01, -5.3908e-01, -4.8962e-01],
        [-5.1485e-01, -4.9106e-01,  1.9915e-01],
        [-1.9072e-01, -2.4323e-02,  6.3370e-02],
        [ 4.4843e-02, -4.4083e-01, -4.3670e-01],
        [-4.3923e-02, -1.8925e-02, -3.5428e-03],
        [ 1.6795e-02, -1.5217e-01, -1.5609e-01],
        [ 3.3958e-01, -5.9445e-01,  2.9715e-02],
        [ 7.6683e-02,  9.0414e-02, -2.4833e-02],
        [ 2.3561e-02, -6.2081e-01,  9.3198e-02],
        [-1.8849e-01, -4.1633e-02, -4.3629e-01],
        [-1.5058e-01,  1.1671e-01, -1.2052e-01],
        [-8.1456e-02, -1.8622e-02,  1.3781e-01],
        [ 1.5615e-01, -2.8418e-02,  2.2713e-01],
        [-1.1079e-01, -5.2913e-02, -7.5032e-02],
        [-4.6538e-02, -6.3135e-02,  8.9606e-03],
        [ 1.8305e-03, -1.8004e-02,  2.8981e-01],
        [-5.1267e-02, -3.0193e-02, -6.9669e-02],
        [ 4.6905e-01,  1.4391e-01,  2.4101e-01],
        [-1.0982e-02,  9.7097e-02,  4.9899e-01],
        [-5.4107e-01, -4.0106e-01,  1.3330e-01],
        [-8.1851e-02,  3.1336e-02, -6.0970e-03],
        [-1.1946e-01, -1.6311e-01,  8.4008e-02],
        [-1.6373e-02, -1.2755e-02, -4.2187e-02],
        [-4.5995e-01, -3.8335e-01, -2.1648e-02],
        [-5.9846e-01, -2.4384e-01, -2.7808e-01],
        [-5.9833e-02,  4.6818e-02,  1.6727e-03],
        [-4.2806e-02,  7.3246e-02,  4.2781e-03],
        [ 3.2316e-01,  1.4181e-01, -3.6978e-01],
        [-5.5815e-02, -1.6669e-01,  3.0999e-01],
        [-7.0147e-03,  9.8078e-02,  1.9243e-01],
        [ 1.0595e-01, -1.6791e-01, -2.9801e-01],
        [-2.7660e-01,  3.5240e-01, -2.2013e-01],
        [-2.3670e-02, -5.1875e-02, -2.3891e-02],
        [ 4.9144e-02, -9.4428e-01, -4.9682e-01],
        [-9.7644e-01,  2.2578e-02, -1.4253e+00],
        [-1.3212e-01,  1.6835e-01,  1.1867e-01],
        [-2.7365e-02, -1.0778e-02, -5.6082e-02],
        [-1.4867e-01, -7.2040e-03, -1.4983e-02],
        [-6.5707e-01,  5.2484e-01,  3.1090e-01],
        [ 4.5697e-01,  2.1374e-01, -3.9648e-01],
        [-1.2895e-01, -6.6638e-02,  1.7225e-01],
        [-1.8185e-02, -1.6975e-02, -8.5520e-03],
        [-4.9621e-01, -3.1083e-01,  2.8991e-01],
        [ 2.1426e-01, -2.9929e-01, -5.3634e-02],
        [-1.5200e-01, -1.5876e-01, -3.0524e-01],
        [ 1.9214e-01,  1.4438e-01, -2.8636e-02],
        [-3.2362e-02, -5.9190e-02, -6.8389e-02],
        [-1.5862e-01, -4.4673e-02,  1.3683e-03],
        [-6.8300e-01, -3.0522e-01,  4.6570e-01],
        [-5.7557e-01,  2.8677e-01, -2.4419e-01],
        [ 4.1538e-01,  3.8117e-01,  1.8278e-01],
        [-1.5088e-01, -2.5952e-02,  2.0529e-01],
        [-1.3974e-01,  2.1544e-03, -1.5833e-01],
        [-1.0862e-01,  2.1283e-02,  8.7229e-02],
        [-1.7431e-02,  2.2059e-01, -2.7994e-02],
        [ 2.5997e-02, -2.3172e-02, -2.1790e-01],
        [-1.1081e-01, -2.6005e-02, -1.0013e-01],
        [-3.9668e-02,  8.9796e-02,  3.4084e-02],
        [ 1.2398e-01,  8.1765e-02, -1.6446e-01],
        [ 3.4882e-02,  7.9168e-02,  3.2917e-02],
        [-6.3321e-01, -1.4830e-01, -1.7861e-01],
        [ 2.0008e-01, -5.2066e-04, -1.8420e-02],
        [-4.4133e-02,  5.8774e-02, -5.8922e-02],
        [ 1.8269e-01, -6.9623e-03, -2.8148e-01],
        [ 3.3012e-02, -5.9979e-02,  1.2827e-01],
        [ 9.9545e-02, -3.1031e-01, -3.9060e-01],
        [-8.3074e-02, -5.3070e-04,  2.8241e-01],
        [ 4.3044e-01, -3.2648e-01, -3.4660e-01],
        [ 4.8862e-01,  3.0608e-01,  4.5444e-01],
        [-2.2698e-01, -7.6595e-02,  1.3598e-01],
        [-2.4117e-02,  8.0315e-04, -4.5907e-02],
        [ 4.3930e-01,  3.3515e-01,  4.1541e-01],
        [ 1.7452e-03, -2.0269e-01,  2.7757e-01],
        [ 3.6928e-01, -1.2878e-02,  1.7020e-02],
        [ 3.6465e-01, -5.0122e-01,  3.4488e-01],
        [-1.7584e-02, -3.6803e-02, -4.2984e-02],
        [ 1.8244e-02,  6.1108e-02, -2.0652e-01],
        [ 4.7245e-01, -4.8324e-01, -5.0751e-01],
        [ 1.6957e-01, -8.0476e-01,  1.1433e-02],
        [ 7.5309e-02, -4.9403e-02, -4.6300e-01],
        [-5.2159e-03, -5.0541e-02,  1.8124e-01],
        [ 8.4853e-03,  8.4870e-02, -1.5900e-01],
        [-3.2578e-01, -9.1097e-03, -1.4907e-01],
        [-5.0992e-01, -5.1557e-01,  2.5548e-02],
        [ 2.9471e-01,  9.9180e-02, -1.4803e-01],
        [-4.2266e-02,  1.7972e-01, -1.9047e-02],
        [ 6.3894e-03, -2.2054e-01, -1.1408e-01],
        [ 1.7708e-01, -2.8604e-01, -2.2026e-01],
        [ 4.7627e-02, -1.5132e-01,  3.6137e-01],
        [-2.1664e-02, -2.0864e-02, -3.7204e-02],
        [-5.1861e-02, -3.4259e-02,  2.2556e-01],
        [-4.6116e-02, -3.6186e-02, -4.0324e-02],
        [-1.2314e-01,  5.0964e-02, -1.8397e-02],
        [-4.3479e-03,  2.7278e-01, -1.9785e-01],
        [ 5.4597e-02,  5.1509e-01, -3.0559e-01],
        [-2.7306e-02,  2.9822e-01,  4.2684e-02],
        [ 2.8047e-01, -2.4589e-01, -5.8012e-01],
        [-3.9418e-01, -4.1886e-01, -1.4380e-01],
        [ 2.3428e-01,  2.3557e-01,  5.8970e-02],
        [ 8.1878e-04,  4.9372e-01,  7.8691e-02],
        [-3.0611e-01, -3.6753e-01, -3.1866e-01],
        [-6.6712e-01, -5.3354e-01,  3.1144e-01],
        [-2.3025e-02, -5.4669e-03, -2.5625e-01],
        [-1.4014e-01, -2.2300e-02,  9.7844e-02],
        [-2.4778e-02,  3.1749e-01,  1.0392e-01],
        [-2.7410e-02, -2.8717e-02, -2.7956e-02],
        [ 1.3359e-01,  4.6438e-01, -1.0699e+00],
        [-3.1236e-01,  1.5153e-01,  5.0278e-01],
        [ 5.8453e-02, -7.6108e-02, -3.5823e-01],
        [ 4.1223e-02,  2.1026e-01,  4.7317e-02],
        [ 1.8846e-02,  5.4301e-02, -7.2790e-02],
        [-3.2940e-02, -1.9959e-01,  9.3658e-02],
        [-1.4718e-02, -9.0789e-03,  7.0553e-03],
        [ 3.1637e-01,  3.3102e-01, -3.0906e-01],
        [ 1.3810e-01, -1.5247e-01,  1.9289e-01],
        [-9.0046e-02,  1.0164e-01,  9.5440e-03],
        [-3.6007e-02,  2.8771e-01, -6.0536e-02],
        [-1.6182e-02,  3.5356e-02, -3.2813e-01],
        [-5.2425e-01, -3.7499e-01, -5.4177e-01],
        [-6.2014e-02, -3.8259e-01,  1.8559e-02],
        [-1.7248e-01, -2.4909e-01, -5.6574e-01],
        [-2.8877e-01,  8.4696e-02,  3.9179e-01],
        [ 2.0521e-01,  2.2965e-01, -3.5680e-01],
        [-2.7887e-02,  1.4778e-02,  3.7141e-01],
        [-5.8678e-03, -1.1318e-01, -1.0317e-01],
        [ 1.2544e-01,  2.0869e-01,  2.1792e-01],
        [-1.3823e-01, -1.4019e-01,  1.2390e-01],
        [ 8.8350e-02,  2.2746e-01,  1.5439e-01],
        [ 8.8900e-02,  8.4819e-02, -8.5536e-01],
        [-3.2447e-02, -1.6886e-02, -3.7782e-02],
        [-9.2799e-03,  1.7179e-01, -2.2898e-02],
        [ 1.1513e-01, -8.1813e-03, -3.3036e-01],
        [ 1.9112e-01, -1.3440e-01, -1.5681e-01],
        [ 3.9925e-01,  4.9774e-02, -6.9949e-01],
        [ 3.6102e-02, -7.7160e-01, -4.0293e-01],
        [-1.3169e-01, -5.2072e-01,  6.7825e-02],
        [-5.1073e-01, -8.7090e-01,  3.9900e-01],
        [-6.0187e-01, -1.6452e-01, -9.6649e-02],
        [-5.6296e-02, -5.9465e-02, -3.6748e-02],
        [-1.3155e-01,  4.0818e-01, -1.0661e-02],
        [ 1.0599e-01,  1.7800e-02, -5.2104e-02],
        [-8.3038e-02, -4.5352e-02, -7.3253e-02],
        [-1.8255e-01,  1.5095e-02,  1.1420e-01],
        [ 5.1450e-01, -5.3475e-01, -1.5633e-01],
        [ 3.8249e-02, -2.4262e-02, -2.0519e-01],
        [-3.1364e-01, -3.6571e-01, -4.9212e-01],
        [-5.4922e-02,  1.3890e-01, -1.4490e-01],
        [ 3.3698e-01,  3.9631e-02, -1.4391e-01],
        [ 7.0779e-02, -2.1086e-01,  7.2272e-02],
        [ 2.6947e-01, -9.3504e-02, -6.2481e-03],
        [ 4.0052e-02, -7.3212e-02, -8.1530e-02],
        [-1.2934e-02, -1.4556e-01, -5.1036e-02],
        [-7.5285e-02,  3.2390e-01, -4.1430e-02],
        [-1.4606e-01, -2.3311e-02,  1.6963e-01],
        [-4.4797e-02,  3.3243e-03, -1.7301e-02],
        [ 2.8204e-01, -2.3986e-01,  3.0383e-02],
        [-1.6549e-01, -2.0110e-01, -1.9042e-01],
        [ 1.6894e-01, -2.1509e-02,  2.0050e-01],
        [-1.1844e-01, -1.0616e-01, -9.9011e-02],
        [-2.2711e-02,  2.8312e-01, -5.8782e-02],
        [ 5.1117e-01,  9.1918e-03,  4.8918e-01],
        [-8.5481e-03, -3.6593e-02,  3.5375e-02],
        [-6.1805e-02, -3.5369e-02, -7.4907e-02],
        [ 2.4628e-01, -3.0541e-01, -3.1659e-01],
        [-2.6044e-02, -5.7182e-02, -2.2263e-02],
        [ 7.0912e-02, -1.5871e-01, -1.5843e-01],
        [-7.0432e-02, -2.9720e-01, -2.3354e-01],
        [-4.0703e-02,  2.0472e-02, -1.5066e-02],
        [-1.4024e+00,  2.2987e-01, -8.0962e-01],
        [ 5.5021e-02,  1.3697e-01, -6.6682e-02],
        [-3.3116e-02, -1.8891e-02, -4.9074e-02],
        [ 1.0614e-02, -1.2093e-02, -2.8121e-02],
        [-4.6078e-01, -3.8090e-01,  7.3049e-02],
        [-4.6579e-02, -3.9610e-02, -1.8712e-02],
        [-3.9582e-02,  4.9993e-03,  1.2330e-01],
        [-1.4508e-01, -1.4767e-01, -1.7261e-01],
        [ 1.8844e-01, -6.0395e-04, -2.3023e-02],
        [ 1.5714e-01, -5.8163e-02,  1.5787e-01],
        [ 6.5989e-02, -1.3921e-01, -1.6223e-01],
        [-7.0510e-02, -5.3944e-02, -1.4059e-01],
        [ 2.2991e-02,  1.2619e-01, -9.1304e-02],
        [-3.5750e-01,  6.0836e-01, -4.3064e-01],
        [-3.4222e-01, -4.6307e-01, -3.9314e-01],
        [-1.0339e-04,  3.9416e-02, -5.6925e-02],
        [-1.0268e-01, -3.1340e-01,  5.0079e-02],
        [-2.3565e-01,  7.4490e-02, -7.9724e-02],
        [-3.0122e-01,  1.0230e-01,  1.3710e-01],
        [ 1.8140e-01,  2.9926e-01, -2.9597e-01],
        [ 9.1984e-02, -2.0808e-01,  1.3777e-01],
        [-4.0356e-01, -1.9870e-01, -2.2842e-01],
        [-9.0925e-02, -1.1549e-02, -1.2537e-01],
        [ 1.2872e-01, -4.8050e-01,  3.7351e-02],
        [-1.2498e-01,  7.6136e-02, -1.9956e-01],
        [-1.0546e+00, -8.9440e-02, -8.3915e-01],
        [-2.6621e-02,  6.9703e-02,  8.7533e-02],
        [ 2.1448e-01, -2.7972e-01, -2.8921e-01],
        [-4.5035e-02,  1.2435e-02,  3.5898e-01],
        [ 6.6127e-02,  4.0505e-02, -1.0242e-01],
        [-9.1658e-03,  9.8966e-02, -1.1893e-02],
        [-5.3323e-01,  3.7100e-01, -1.0524e+00],
        [ 4.3052e-01, -4.3369e-01,  4.4348e-02],
        [-1.2127e-01, -1.5772e-01,  1.4781e-01],
        [ 3.0410e-02, -1.7106e-01, -6.8631e-02],
        [-3.1303e-01, -1.6214e-01, -3.1760e-02],
        [-2.2619e-01, -1.3391e-01, -4.2505e-01],
        [-4.7434e-01,  5.4521e-01, -5.0508e-01],
        [ 1.2237e-02, -8.0236e-02,  2.7996e-01],
        [-7.0984e-01, -6.0045e-01,  5.2211e-01],
        [-5.9827e-02,  2.0534e-02,  9.3304e-03],
        [ 4.4674e-01,  9.5882e-03, -2.3200e-02],
        [-1.7456e-01,  6.7281e-02,  1.6056e-01],
        [-4.1714e-01, -2.1399e-01, -5.1844e-01],
        [-7.9007e-01,  3.9601e-01,  4.6633e-01],
        [ 4.6368e-01,  2.2264e-01, -1.3165e+00],
        [-5.7162e-02,  2.0040e-01, -4.7121e-02],
        [-1.9003e-02,  2.5053e-01,  2.9553e-01],
        [ 1.3028e-01, -1.3203e-01, -3.8650e-02],
        [-7.5189e-01,  1.8172e-01,  4.7301e-01],
        [-1.8103e-02, -2.7900e-02,  4.9675e-02],
        [-6.4565e-02, -2.7037e-02,  8.2646e-02],
        [ 1.5313e-01, -7.4139e-01, -4.0014e-01],
        [ 3.9835e-02, -5.5422e-01, -8.5623e-02],
        [ 3.7076e-01, -5.2560e-02, -1.7485e-01],
        [-4.2988e-02, -1.6711e-02, -3.2289e-02],
        [-1.8039e-01, -5.0097e-02,  2.5089e-02],
        [-1.2571e-01,  2.1263e-01, -1.3002e-02],
        [-1.7982e-02,  2.0604e-01,  2.6174e-02],
        [-9.2418e-01, -6.7747e-01,  2.2153e-01],
        [-3.1549e-02, -1.0077e-01, -3.7183e-02],
        [-1.1019e-01, -2.8132e-02, -9.0834e-02],
        [ 3.2600e-02, -4.4009e-01,  2.4726e-01],
        [ 5.2507e-02, -1.2871e-01,  1.4316e-02],
        [ 1.9046e-01,  2.1877e-01, -4.5985e-02],
        [ 2.7145e-01,  1.6560e-01, -5.8216e-01],
        [ 2.0371e-02, -2.4285e-02, -6.4100e-02],
        [ 4.1874e-01,  3.2173e-01, -4.1754e-02],
        [ 3.7406e-01, -3.5532e-02, -8.0655e-02],
        [-1.3481e-02, -4.6379e-02, -4.0022e-02],
        [-3.9725e-01, -4.2130e-01, -3.0063e-01],
        [-4.2400e-02, -3.4488e-02, -3.7536e-02],
        [-1.6636e-02, -1.3572e-03, -8.4569e-03],
        [ 7.0127e-02, -4.3140e-02,  1.8465e-02],
        [-4.7333e-02, -1.7153e-02, -3.9958e-02],
        [-2.6722e-01, -2.9339e-01, -8.4623e-01],
        [-8.5138e-02,  2.8352e-02, -3.1698e-02],
        [ 1.0426e-01,  3.1318e-02, -1.6601e-01],
        [-1.5299e-01, -1.0956e-01, -1.5985e-01],
        [-4.1056e-01, -3.3841e-01, -2.8905e-01],
        [-2.0354e-01,  2.9518e-01,  3.6784e-01],
        [ 1.8628e-03, -5.0700e-03, -1.3638e-01],
        [-4.1943e-01,  3.5540e-01, -2.1387e-01],
        [-1.1269e-03,  2.0112e-01,  9.5406e-03],
        [-2.3577e-01, -3.8992e-01, -1.6166e-01],
        [ 1.4707e-01,  2.3722e-02, -2.7471e-01],
        [-3.2750e-02, -2.7363e-02,  3.3555e-01],
        [ 1.6589e-02,  1.9862e-01, -2.4974e-02],
        [-1.2839e-01,  2.2508e-01, -8.0991e-03],
        [-8.0136e-02, -6.4685e-02,  5.9613e-03],
        [-2.0343e-01, -3.7200e-01, -5.8093e-01],
        [-1.3953e-01,  5.9267e-03,  3.1939e-01],
        [ 3.5673e-01, -1.0564e+00,  5.4318e-04],
        [-9.6284e-03, -2.4842e-02, -6.6830e-02],
        [ 2.9936e-02,  3.3213e-01, -1.9443e-02],
        [-2.7417e-01,  1.8952e-02, -5.1899e-02],
        [-5.6286e-02, -4.4094e-02, -7.6060e-02],
        [ 1.5551e-01, -3.3665e-02, -4.6071e-02],
        [-8.4634e-02,  1.3357e-01,  3.7525e-01],
        [ 4.0569e-01, -6.6043e-02,  9.0166e-04],
        [-3.6939e-01, -3.4383e-01,  1.4342e-01],
        [ 2.1143e-01,  1.5467e-01, -4.5212e-02],
        [-4.9511e-02, -2.9997e-02, -1.8335e-03],
        [-3.0516e-01,  1.8848e-02,  2.2525e-01],
        [-1.5267e+00,  1.1701e-01, -8.4799e-01],
        [ 1.4660e-02, -1.4529e-01, -9.1623e-02],
        [-2.1886e-01, -2.0678e-02,  1.1778e-01],
        [-6.6846e-02, -4.0556e-02, -1.0616e-01],
        [ 1.4772e-01, -1.7122e-01, -3.3980e-02],
        [ 7.4518e-02, -2.9210e-01, -8.0244e-02],
        [ 1.5224e-01,  9.5590e-02, -7.6612e-02],
        [-2.7869e-02,  2.5459e-01,  9.7435e-03],
        [-2.0338e-01,  2.4747e-01,  4.2111e-01],
        [-2.5020e-02, -2.4124e-02, -2.4640e-02],
        [ 2.6555e-01, -6.6853e-01, -3.0253e-01],
        [ 1.7124e-02, -2.0157e-02, -5.7121e-02],
        [-4.5903e-01, -1.1425e-01, -1.2005e-01],
        [ 2.8901e-01, -1.4855e-01, -2.8662e-01],
        [-1.8956e-01, -5.4142e-02,  8.7110e-02],
        [-2.8194e-02, -8.2719e-02,  1.3752e-01],
        [-5.0255e-01,  1.0600e-01, -4.6239e-01],
        [-1.7516e-01,  1.6538e-01,  3.8580e-01],
        [-1.2041e-01, -1.5425e-01,  8.4110e-02],
        [-7.9173e-02, -1.9530e-01,  1.9758e-01],
        [-5.2527e-01, -4.8927e-01, -5.4435e-01],
        [ 3.3952e-03, -1.1743e-01, -9.8222e-02],
        [-2.0579e-02,  2.6238e-01, -4.9789e-02],
        [ 1.8995e-01, -1.3096e-01, -1.6506e-01],
        [ 1.6657e-01,  8.8907e-02, -5.2152e-01],
        [-7.8029e-03, -8.9947e-02,  5.3623e-03],
        [-4.7257e-01, -2.0075e-01, -7.8139e-01],
        [ 3.0975e-01, -2.2411e-01, -2.0445e-02],
        [-3.6480e-02, -4.1164e-02, -1.4424e-02],
        [ 3.5661e-01,  2.3353e-01,  3.3302e-01],
        [-7.4502e-02, -5.8246e-02, -4.5793e-02],
        [ 1.1740e-01, -1.5030e-01, -2.2902e-02],
        [-7.4425e-03, -1.9556e-02, -1.2369e-02],
        [-1.0409e+00,  1.9078e-01, -1.2880e+00],
        [-6.3921e-01, -8.1172e-01,  3.8789e-01],
        [-9.2856e-02, -7.5565e-02, -3.8493e-01],
        [-5.7409e-03,  4.7598e-02,  8.6600e-02],
        [ 2.2899e-01,  3.0887e-01,  1.5480e-01],
        [-1.0887e-01,  2.8869e-01,  2.0687e-01],
        [-3.7583e-02,  1.7770e-02, -2.6084e-01],
        [-3.7582e-02,  2.0268e-02,  2.3683e-01],
        [-4.5001e-01, -2.4754e-01, -2.2825e-01],
        [-5.9612e-01, -1.6393e-01, -2.5349e-01],
        [-1.0813e-01, -7.2732e-02,  1.8180e-02],
        [ 2.1315e-01,  6.0147e-01, -6.8012e-01],
        [ 8.1936e-02, -1.3811e-02,  4.5802e-02],
        [-2.2116e-02,  9.8517e-02, -6.0983e-02],
        [ 1.9590e-01,  5.6345e-01, -6.3352e-01],
        [-1.2903e-01, -5.2410e-02, -1.0262e+00],
        [-5.8067e-02,  4.7867e-01,  4.0431e-01],
        [-5.8400e-02, -2.3784e-02,  1.8929e-01],
        [-1.1080e-01,  1.9414e-01, -4.7982e-03],
        [-1.3091e-01,  6.3687e-02, -1.8456e-01],
        [-4.6614e-01,  6.6290e-02,  1.1492e-02],
        [-3.7915e-02, -1.4636e-02, -3.9659e-02],
        [ 1.4503e-02, -1.8255e-01,  1.0438e-01],
        [-8.8597e-02,  1.3399e-02, -3.9633e-02],
        [-1.4782e-01,  2.4411e-01, -1.1316e-01],
        [-5.1636e-01, -6.6805e-02,  1.1217e-01],
        [ 1.5264e-01,  3.4912e-01,  4.4320e-01],
        [-2.6619e-01, -1.6780e-03, -5.3211e-01],
        [-1.0043e-01, -5.3931e-01,  8.5963e-02],
        [-2.1619e-01, -7.2577e-03,  2.5892e-01],
        [-5.4231e-01,  1.3109e-03,  1.2328e-01],
        [ 7.2405e-02,  2.3220e-02,  9.9806e-02],
        [ 3.1677e-01, -1.2488e-01, -6.0884e-02],
        [-4.0435e-02,  1.9163e-01, -4.3928e-03],
        [-5.0278e-02,  3.9573e-01, -4.0290e-02],
        [-2.5999e-02, -1.3047e-02, -1.8529e-02],
        [-8.6136e-03, -2.5340e-02, -3.2239e-02],
        [-3.5579e-02, -5.8641e-02, -5.6432e-02],
        [-4.7540e-01, -3.5566e-01, -4.8412e-01],
        [-4.7283e-01, -3.6504e-01, -3.4788e-02],
        [-1.0428e-01,  4.0020e-02,  3.5476e-01],
        [ 2.3222e-01, -1.1702e-01, -4.3965e-02],
        [-1.0592e-01, -1.0145e-02, -2.4653e-01],
        [-1.3684e-02, -8.9565e-03, -2.7914e-04],
        [ 9.3498e-02,  1.7460e-01,  1.1982e-03],
        [-4.8486e-02, -3.2926e-02, -1.1439e-02],
        [-5.0760e-01, -4.3300e-01,  1.4600e-01],
        [-5.9605e-01, -2.8163e-02, -7.0090e-02],
        [-4.2284e-02, -3.5011e-02, -2.7554e-02],
        [-6.6203e-03, -3.2243e-02, -6.3762e-02],
        [ 1.6831e-01,  1.0661e-03, -3.0704e-02],
        [-8.2228e-01, -9.2914e-02, -7.2017e-01],
        [ 3.4615e-02, -1.4076e-01, -5.4976e-01],
        [-7.4443e-02, -3.0271e-02, -3.3980e-02],
        [-1.9904e-01,  2.7751e-01, -2.7468e-02],
        [ 6.3214e-02, -2.3248e-01, -7.8201e-02],
        [-4.0333e-02,  1.3537e-01,  3.0254e-02],
        [ 4.8307e-01,  2.8062e-01,  1.3106e-01],
        [-2.5561e-01, -7.6674e-02,  4.2706e-01],
        [ 3.9590e-02,  9.4309e-02, -1.0488e-01],
        [-8.3150e-02,  6.7942e-02, -2.4297e-01],
        [-2.8006e-02, -3.5200e-02, -2.4640e-02],
        [-3.5110e-02,  1.0150e-02,  4.3525e-03],
        [ 2.1959e-01,  2.5102e-01, -3.0669e-01],
        [-1.3201e-01, -3.1264e-01,  1.4383e-01],
        [ 3.1522e-02, -1.7856e-01, -2.2568e-01],
        [-1.9221e-01,  5.1676e-01, -9.5277e-02],
        [ 2.3354e-01, -1.1897e-01, -1.7115e-01],
        [ 8.3484e-03, -5.6569e-02, -4.7975e-02],
        [ 4.0101e-01, -3.6616e-01, -1.8684e-01],
        [-8.1957e-02, -1.4761e-01, -1.6512e-02],
        [-4.2610e-01, -9.6783e-01,  5.4381e-02],
        [ 5.0073e-01,  1.9568e-01,  6.8615e-02],
        [-2.6704e-05, -2.0329e-02, -3.9477e-01],
        [-7.0896e-01, -6.3140e-01,  3.0310e-01],
        [ 3.4488e-01,  4.9208e-01, -1.2289e-01],
        [ 1.3304e-01,  4.8435e-01, -4.2859e-01],
        [-9.2654e-01,  2.8214e-02, -5.3407e-01],
        [ 1.7580e-01, -2.1631e-01, -7.5653e-02],
        [-2.5181e-01,  3.6148e-01,  1.8503e-02],
        [-9.4462e-02, -8.7315e-02, -5.0376e-02],
        [ 1.0483e-01, -3.5276e-02, -1.3645e-01],
        [ 1.8465e-01, -3.4668e-01,  4.4312e-02],
        [-7.5660e-02, -6.7633e-02,  6.5743e-02],
        [-1.0676e-01, -1.2963e-01,  4.6149e-02],
        [-2.9292e-02,  1.9824e-01, -2.8833e-02],
        [ 1.6800e-02, -1.1103e-01, -1.3008e-01],
        [-1.4210e-01,  1.8799e-01, -1.8075e-01],
        [-4.6843e-02, -4.4791e-02, -2.7009e-02],
        [-5.4121e-01,  1.4218e-02,  1.9747e-01],
        [-6.2166e-03,  2.8726e-02, -8.6381e-02],
        [ 2.4283e-01,  1.7866e-01,  2.2377e-01],
        [-7.0866e-02,  5.1360e-02,  1.4886e-01],
        [ 7.6656e-03, -3.7294e-01,  1.1853e-01],
        [-1.7961e-01,  1.0394e-02, -2.7047e-01],
        [ 1.8665e-01, -2.5776e-02, -4.4634e-02],
        [-3.6280e-01, -2.8522e-01, -3.6488e-01],
        [-5.2478e-01,  4.5194e-01,  1.8788e-01],
        [-1.7395e-02,  4.9268e-02,  9.7067e-02],
        [-1.8710e-01,  4.8846e-02, -2.0390e-01],
        [-3.5940e-02,  2.4729e-01, -2.8545e-02],
        [ 3.5508e-01, -1.3837e-01, -2.6689e-01],
        [-7.6619e-02, -2.9377e-02,  1.2346e-01],
        [-6.6731e-01, -1.8414e-01,  2.2834e-01],
        [-3.8964e-01, -3.0828e-01, -4.9372e-01],
        [-1.3239e-01,  4.8731e-01,  4.0591e-02],
        [-1.3138e-02, -2.9898e-02, -2.5413e-02],
        [-4.1503e-01, -2.9610e-01, -4.1354e-01],
        [-4.9786e-02, -4.7717e-02, -2.7624e-02],
        [-1.8300e-01, -1.4769e-01,  1.5362e-01],
        [ 5.5790e-02, -3.5576e-01, -3.7543e-01],
        [ 2.0495e-01, -2.9830e-02, -2.3430e-02],
        [ 2.1898e-01, -5.7235e-02,  4.6035e-01],
        [-4.0190e-01, -5.2779e-01, -4.2841e-01],
        [-2.9510e-01,  3.0172e-02, -5.6257e-01],
        [ 2.2568e-01,  5.1525e-01, -1.3945e-01],
        [ 3.6412e-01, -2.9359e-02,  3.4399e-01],
        [-6.8247e-02, -6.9588e-02,  2.5966e-02],
        [-3.0893e-02, -1.9534e-02, -1.4014e-01],
        [-2.2048e-02,  1.6838e-01, -9.4683e-01],
        [-2.2526e-01,  3.2589e-01,  1.2021e-01],
        [ 6.9826e-03, -9.6819e-02, -6.6546e-02],
        [-1.6759e-01,  1.0685e-01, -4.7981e-02],
        [ 1.2405e-01, -4.7209e-02, -2.8590e-02],
        [-5.5979e-01, -7.6673e-02, -9.1031e-01],
        [-3.8657e-01, -4.2327e-01, -2.8829e-01],
        [ 1.0059e-01,  3.9753e-02, -4.0962e-02],
        [ 2.4819e-02,  2.1108e-02, -5.2403e-02],
        [-2.3927e-01, -3.7251e-02, -2.0313e-02],
        [-1.0364e-01,  6.8826e-02,  1.2898e-01],
        [ 1.2609e-02, -5.4641e-02,  1.6286e-02],
        [-1.8083e-01, -2.3574e-01, -3.7363e-03],
        [-5.4782e-03,  1.0298e-01, -2.4166e-02],
        [-3.6253e-01,  1.9422e-01, -1.2924e-01],
        [ 1.0725e-01, -2.5843e-02, -9.0210e-02],
        [ 2.3807e-01, -1.7349e-01, -3.7306e-01],
        [-2.4868e-02, -5.0836e-02, -5.3882e-02],
        [ 1.6134e-02,  2.0977e-01, -6.2084e-02],
        [-1.0931e-02, -6.0058e-02, -4.2397e-02],
        [-7.2183e-02, -4.9752e-02, -3.1920e-02],
        [-9.2548e-01,  2.4676e-01, -5.9016e-01],
        [-2.3608e-02, -1.1676e-03, -4.9275e-02],
        [-4.1874e-01,  2.9948e-01, -9.4452e-01],
        [ 8.7596e-03, -1.1647e-01, -1.4178e-01],
        [ 3.9571e-01,  2.9338e-01,  3.7249e-01],
        [ 1.6381e-01,  5.8833e-02,  9.3753e-02],
        [ 1.2845e-01, -1.6288e-01,  9.3665e-02],
        [-3.8187e-01,  1.1790e-01, -1.4290e-01],
        [ 4.5469e-02,  1.4563e-01, -1.9908e-02],
        [-9.5649e-02, -5.5150e-02, -3.4436e-02],
        [ 2.0161e-02, -2.0149e-01,  1.3016e-01],
        [-3.9201e-02, -4.0072e-02, -4.9204e-02],
        [-4.9591e-01, -3.4144e-01, -3.0353e-01],
        [-4.1340e-01,  5.3775e-02, -1.2796e-01],
        [ 3.3213e-02, -7.1734e-02,  8.1981e-02],
        [-2.4967e-01,  1.3385e-02, -2.8438e-01],
        [ 1.3381e-02, -2.4214e-01, -1.4481e-01],
        [-1.6612e-02, -2.2059e-02, -3.1142e-02],
        [ 2.7694e-01, -5.4935e-01, -5.3515e-01],
        [-3.5125e-02, -4.0254e-02, -4.2364e-02],
        [ 2.5685e-01,  3.4834e-03, -4.3141e-03],
        [ 2.1723e-01, -2.8749e-01, -2.9689e-01],
        [-3.0347e-02, -3.7638e-02, -4.6002e-02],
        [-1.9012e-01, -7.0489e-03,  1.8594e-01],
        [-4.2781e-02, -1.7495e-02, -1.8297e-03],
        [-2.4127e-01,  3.5270e-03, -6.6174e-02],
        [ 2.5015e-01,  1.3001e-01,  2.7682e-01],
        [ 2.3641e-01, -2.9610e-01,  1.6450e-01],
        [ 2.4570e-01,  4.0347e-01,  2.9323e-01],
        [-7.3899e-02,  3.6098e-01,  2.8447e-01],
        [-1.3932e-01, -1.8145e-02,  1.6324e-01],
        [-4.7644e-01, -4.2748e-01,  2.2368e-01],
        [-4.3888e-02, -2.3466e-01, -1.3293e-02],
        [-1.2848e-01,  3.4419e-01, -1.5891e-02],
        [-5.2827e-01, -1.3705e-01,  3.8623e-01],
        [-3.6410e-02, -6.3773e-02, -1.0669e-01],
        [-1.5394e-01, -2.9042e-03, -1.7463e-01],
        [-2.7650e-02, -4.7886e-02, -5.1092e-02],
        [-6.8195e-01, -4.9633e-01, -1.8324e-01],
        [-5.9822e-01, -2.3715e-01, -1.6535e-01],
        [-5.2065e-01, -8.6097e-01,  5.0269e-01],
        [-6.7592e-01,  2.5693e-01, -1.2791e+00],
        [-1.9598e-01,  2.4745e-01,  3.7827e-01],
        [-1.0675e+00, -1.2251e-01, -8.6935e-01],
        [-3.5437e-02, -6.8564e-03, -1.5525e-02],
        [ 2.3275e-01,  4.6664e-01, -5.8419e-01],
        [-1.5674e-01,  5.2494e-03, -2.1945e-01],
        [ 8.1996e-02, -1.9069e-02, -9.8527e-02],
        [-3.0094e-01,  5.4931e-01,  3.3859e-02],
        [-9.2475e-02,  1.6716e-01, -1.5689e-01],
        [ 3.0417e-01,  4.3543e-01, -3.2244e-02],
        [ 2.1297e-02,  1.4968e-01, -5.5130e-02],
        [-3.9905e-01, -7.4031e-01,  1.4840e-01],
        [-3.7081e-01, -7.3485e-02, -1.2341e-01],
        [ 3.3307e-01,  3.5181e-01,  2.1064e-01],
        [-1.2672e-01, -5.4793e-02, -3.2928e-03],
        [-4.1798e-01,  6.3904e-01,  3.4861e-02],
        [-5.4044e-01, -1.3958e-01,  5.8358e-02],
        [ 4.3557e-01, -2.0528e-01,  4.1235e-01],
        [ 1.8409e-01, -5.2569e-02,  1.5452e-01],
        [ 3.5541e-01, -3.0740e-01,  9.6134e-03],
        [-7.1904e-02, -4.5109e-02, -1.1739e-01],
        [-4.9356e-01, -5.2920e-01, -4.0631e-01],
        [-1.0127e+00,  1.2958e-01, -7.0575e-01],
        [ 1.2284e-01, -3.2790e-02, -2.2593e-01],
        [-4.7786e-01, -1.7453e-01, -5.5850e-01],
        [ 3.3585e-01,  3.9872e-01,  1.4217e-02],
        [-3.1173e-01, -3.0560e-01,  4.7696e-01],
        [ 4.0199e-02, -3.0989e-01,  4.6453e-02],
        [-1.5305e-01,  8.7133e-02,  3.5949e-02],
        [-5.2706e-01,  1.9920e-01,  3.3435e-01],
        [-3.3363e-01, -5.5239e-01, -1.1150e-01],
        [-4.6431e-02, -4.2116e-02,  2.8364e-01],
        [-3.2512e-02, -1.2526e-01, -9.9831e-04],
        [ 2.2145e-01, -7.6340e-01, -3.2716e-01],
        [-1.3180e-02, -2.1582e-02, -3.4710e-02],
        [ 3.1603e-01, -2.7770e-01,  1.2840e-01],
        [ 6.4307e-03, -9.8751e-03, -8.2699e-02],
        [-8.7116e-02, -5.2101e-01, -5.4854e-01],
        [-4.7011e-01,  1.1582e-01, -3.0735e-01],
        [-2.2195e-02,  1.3828e-01,  1.9893e-02],
        [-1.8585e-01, -8.1236e-02, -1.1806e-01],
        [-1.1686e-02,  2.9045e-01, -1.3167e-02],
        [ 4.5806e-03,  1.6450e-01,  3.5529e-01],
        [-2.5733e-02, -9.4859e-02, -2.4639e-02],
        [ 1.9347e-02, -1.0352e-01, -2.7885e-02],
        [-5.7397e-02,  9.1418e-02, -5.8116e-02],
        [-1.3671e-01, -9.3709e-02, -1.0359e-02],
        [ 1.2239e-01, -4.8403e-01, -1.4823e-01],
        [-1.6790e-02,  2.2544e-01, -1.9280e-01],
        [-5.1380e-02, -8.3181e-03,  1.9155e-01],
        [-1.4078e-01, -3.6489e-02, -1.6409e-01],
        [ 2.4185e-01, -2.5642e-01, -2.7280e-01],
        [-4.7842e-01,  3.2092e-01, -8.9127e-01],
        [-4.2467e-02, -2.3805e-02, -7.6623e-02],
        [-1.9585e-01, -1.0094e-01, -4.2301e-03],
        [-5.5667e-02, -1.2246e-02,  2.1202e-03],
        [-4.2201e-02,  2.1279e-01, -7.1660e-02],
        [-4.6643e-02, -1.0860e-01,  1.8618e-01],
        [ 4.0403e-01,  4.2575e-01,  2.5525e-01],
        [-2.2067e-01, -3.2584e-01, -3.4588e-01],
        [-1.0741e+00,  2.0719e-01, -5.5958e-01],
        [-6.0163e-01, -3.9852e-03, -1.9299e-01],
        [ 9.7487e-02, -1.6812e-01, -1.3618e-01],
        [ 4.6478e-03,  4.0792e-01, -1.0666e-01],
        [ 4.0718e-01,  2.8742e-01,  4.6675e-01],
        [-4.6619e-02,  9.8055e-02, -2.8174e-02],
        [-2.0902e-02, -5.5115e-03, -2.3560e-02],
        [-3.6696e-01, -3.3183e-01, -3.2598e-02],
        [-1.0736e-01,  3.1778e-03,  3.2195e-01],
        [ 1.1288e-01,  4.1838e-01, -8.8557e-02],
        [-1.2704e-01, -4.0577e-02,  2.3795e-01],
        [ 7.1222e-02,  3.0561e-02, -1.2465e-01],
        [ 2.6966e-01, -5.9243e-02, -6.3717e-02],
        [-5.2917e-01, -6.3516e-03,  7.4911e-02],
        [ 3.3134e-01, -3.5067e-03, -2.7386e-02],
        [ 2.1747e-01,  9.5156e-02,  2.7181e-01],
        [-2.4598e-02,  2.3026e-01,  2.6647e-02],
        [-7.0660e-02, -5.1486e-02, -5.1286e-02],
        [-8.0388e-02, -1.8601e-01,  1.1713e-01],
        [ 3.5299e-02, -5.6494e-01,  2.5146e-01],
        [-1.3426e-01,  1.6140e-01, -2.0528e-02],
        [-2.8394e-02, -1.6520e-02, -3.8785e-02],
        [ 1.3547e-02,  2.1948e-01, -6.0124e-02],
        [-4.8149e-01,  1.8034e-01, -3.4597e-01],
        [ 6.2648e-02,  2.4528e-03,  1.1428e-02],
        [-1.4177e-02,  1.7825e-01, -1.3410e-02],
        [-5.2698e-01,  1.0529e-01, -9.7348e-01],
        [-2.3761e-01, -3.5859e-01, -1.4225e-01],
        [-4.8471e-01, -4.9357e-01, -6.1876e-02],
        [ 3.0701e-01, -4.1945e-01, -4.3866e-01],
        [-1.4063e-01,  1.6669e-01, -1.3815e-01],
        [-1.5126e-02,  1.8989e-01,  9.4109e-03],
        [ 1.1633e-01,  4.9257e-01, -1.8283e-01],
        [ 4.8977e-02,  2.9721e-01,  4.7048e-01],
        [-1.0185e-02,  3.3411e-01, -2.4314e-02],
        [-1.2644e-01,  3.3648e-01, -1.5626e-01],
        [ 5.1116e-02,  7.8773e-02,  6.2504e-02],
        [-1.1628e-01,  5.8864e-03, -7.7890e-02],
        [-1.7307e-02, -1.6105e-02, -2.7555e-02],
        [ 1.6431e-01,  1.0958e-01, -1.5355e-01],
        [ 3.1897e-02,  9.2008e-02, -2.1190e-02],
        [ 3.5173e-01,  1.4361e-01,  3.1200e-01],
        [-4.7992e-01, -7.3142e-02,  4.8393e-02],
        [-4.6562e-01,  2.1108e-01, -2.2315e-02],
        [ 8.2224e-02, -6.7034e-01, -5.4516e-01],
        [-3.7332e-03,  2.2256e-01, -2.3871e-02],
        [-5.5467e-02, -6.8642e-02,  1.1271e-02],
        [-8.4435e-02, -9.3562e-02,  8.1500e-03],
        [-1.1554e-01,  5.8850e-03,  1.0078e-01],
        [-4.0978e-03,  3.7775e-02, -1.1764e-02],
        [-7.6537e-02,  8.2923e-02, -9.5622e-02],
        [ 1.9544e-01, -2.9569e-02,  2.4217e-01],
        [-5.6662e-01,  2.8699e-01,  3.2512e-01],
        [ 2.7736e-01, -9.6753e-02, -6.4003e-02],
        [ 2.5923e-01, -5.2084e-01, -5.6932e-01],
        [-6.8696e-01, -6.3494e-01,  4.0686e-01],
        [-2.4915e-02, -2.3568e-02, -4.6474e-02],
        [ 2.4534e-01, -4.6841e-01,  7.3093e-02],
        [-1.7875e-01, -2.5798e-02, -2.6119e-01],
        [-2.2765e-02, -2.2042e-02, -4.8556e-02],
        [-5.3838e-02, -5.7464e-02, -5.3647e-02],
        [-3.5006e-01, -4.8799e-01, -2.3446e-01],
        [ 2.6814e-01, -2.7430e-01, -4.5483e-02],
        [ 6.7158e-02, -9.4802e-02, -7.3320e-02],
        [ 2.0389e-01,  1.5754e-02, -1.0890e+00],
        [-4.3150e-02, -6.0020e-02,  4.4447e-02],
        [-1.3134e-01,  6.0669e-02, -7.6710e-02],
        [-6.7783e-01,  1.8729e-01, -7.3957e-01],
        [ 1.2121e-01,  1.3837e-01, -2.0526e-01],
        [-7.3916e-02, -3.0241e-02, -2.2029e-02],
        [-3.0056e-02,  1.0535e-01,  4.7410e-01],
        [-2.7177e-02, -1.2034e-01,  2.2246e-02],
        [-1.8385e-02, -2.0108e-01, -1.3188e-01],
        [-4.1914e-01,  2.4295e-01,  2.8092e-01],
        [-6.0684e-02,  4.2801e-01,  2.8064e-01],
        [-1.9416e-01, -1.3929e-02,  2.2563e-01],
        [ 7.1414e-02,  2.9811e-01, -2.9388e-02],
        [ 7.5867e-02, -2.4921e-02,  2.8257e-01],
        [-6.1646e-01,  3.3308e-01, -1.0535e+00],
        [-3.8213e-01, -1.7730e-01, -6.0649e-02],
        [-3.2726e-01, -2.9080e-01,  3.8951e-01],
        [-3.8294e-01,  1.7334e-01,  1.7694e-01],
        [ 6.0961e-02,  7.9016e-02,  1.2895e-01],
        [-1.3703e+00,  1.2147e-01, -8.6863e-01],
        [ 2.6951e-02, -3.9182e-01, -5.5765e-01],
        [-1.1180e-01, -5.7622e-02,  1.1242e-01],
        [ 2.9327e-02,  3.2990e-01, -1.4125e-01],
        [-3.7293e-02, -1.2297e-01,  2.7175e-01],
        [ 2.5719e-01, -1.2225e-01, -2.1507e-01],
        [-1.0570e-01, -3.0650e-01,  2.8817e-01],
        [ 1.3693e-03,  3.8298e-03,  3.0160e-01],
        [ 1.2169e-01,  5.3753e-01,  4.4531e-01],
        [ 2.2227e-01,  9.0700e-02, -2.2251e-01],
        [-8.3336e-02,  3.5230e-02, -4.2727e-02],
        [ 1.6514e-01,  3.3324e-02, -2.7678e-01],
        [ 1.2948e-01, -6.9307e-02,  1.6719e-01],
        [ 3.6207e-01,  4.0236e-01, -3.0829e-02],
        [-2.0511e-01,  4.8239e-02,  1.1696e-02],
        [-4.1946e-01, -2.9517e-01, -4.1571e-01],
        [ 1.0371e-01, -2.3410e-01, -2.5052e-01],
        [-5.7440e-02, -4.3471e-02, -2.6289e-02],
        [ 2.9854e-01,  8.6775e-02,  3.8071e-02],
        [ 1.6605e-01, -1.5451e-01, -9.1889e-02],
        [-8.7323e-01,  3.4895e-01, -4.2049e-01],
        [-2.4023e-02, -7.7748e-01,  5.9029e-02],
        [ 3.5098e-03, -3.1916e-01, -2.3845e-01],
        [ 3.5782e-01,  2.2701e-01,  3.3396e-01],
        [-4.1889e-02, -5.2394e-02, -6.2231e-02],
        [-1.5605e-02, -1.8298e-02, -2.6651e-02],
        [-1.6539e-01,  4.7514e-01, -1.1512e-01],
        [ 3.4523e-02, -4.5355e-02,  3.4388e-01],
        [-2.0563e-02, -3.2124e-02, -1.5066e-02],
        [-3.0951e-01,  1.8873e-01, -4.4984e-01],
        [ 3.6026e-01, -4.0774e-01, -5.5576e-02],
        [-1.7148e-02, -3.6420e-02,  2.9228e-01],
        [-1.3071e-01, -1.6173e-01, -4.1813e-01],
        [-5.8747e-01, -5.3128e-01,  4.2258e-01],
        [-6.4070e-01, -4.2644e-02,  1.2714e-01],
        [ 4.7300e-02,  3.0583e-01, -8.3416e-02],
        [-4.3772e-01,  4.2450e-01, -1.2742e-01],
        [-9.6712e-02,  2.0317e-01,  1.6665e-01],
        [-1.0688e-01, -6.4012e-02,  4.2529e-02],
        [ 6.1411e-02, -6.5375e-01,  1.4974e-02],
        [ 7.5925e-03, -3.1985e-02,  3.2506e-02],
        [ 2.2961e-01, -7.7974e-02, -1.4441e-02],
        [ 9.9368e-02, -1.0947e-01, -1.2642e-01],
        [-1.7260e-02,  1.5466e-01, -2.5655e-02],
        [ 2.8389e-03,  5.8499e-01, -6.7592e-01],
        [ 1.6766e-01,  1.9225e-02, -1.7784e-01],
        [ 6.4175e-03, -3.8575e-02, -7.9788e-02],
        [ 8.2843e-02,  3.2572e-01,  2.5672e-01],
        [-5.5465e-03, -4.9179e-02, -7.1717e-02],
        [ 1.3577e-01, -1.8508e-01, -1.1054e-01],
        [-3.9381e-02, -2.6718e-01,  1.7140e-01],
        [ 1.2271e-02, -3.8345e-01,  3.1642e-01],
        [-5.4976e-03, -2.7506e-02, -6.1503e-01],
        [ 3.2493e-02,  2.0193e-01, -1.8482e-02],
        [-1.4932e-01, -1.5423e-01, -9.4501e-02],
        [ 2.8092e-01, -1.2535e-01, -5.1773e-01],
        [ 1.0706e-02, -6.9582e-02,  1.1730e-02],
        [-2.4173e-01,  6.6831e-03,  5.6132e-01],
        [ 3.6341e-01, -1.9813e-01, -3.3879e-01],
        [-1.3223e-02,  1.2510e-02, -7.0584e-02],
        [ 5.4178e-02, -3.0380e-01, -4.2969e-02],
        [-6.1166e-02, -1.3939e-01, -1.3377e-01],
        [-6.7269e-01, -2.5942e-01, -7.4358e-01],
        [ 2.6706e-01, -2.1197e-01, -3.3569e-02],
        [-3.6415e-02, -5.0082e-02, -2.4956e-02],
        [-2.1672e-01,  9.4757e-02,  1.5029e-02],
        [-5.9285e-02,  4.5025e-03, -7.3319e-02],
        [-4.2753e-02,  2.2940e-01, -4.1387e-01],
        [-5.8755e-01,  3.2580e-01,  1.7056e-01],
        [-7.9447e-01, -1.0892e-01, -3.3340e-01],
        [-5.4933e-02,  1.0234e-02, -4.0911e-02],
        [ 2.6826e-01, -3.8358e-01, -3.9899e-01],
        [ 2.1127e-01, -8.7005e-02, -2.3957e-02],
        [-4.0262e-02, -4.9217e-02, -6.9564e-02],
        [ 5.4020e-01,  2.4792e-02, -7.8628e-01],
        [-2.1398e-01, -1.7598e-01,  2.7538e-02],
        [ 3.1848e-01, -7.6712e-01, -4.3038e-01],
        [-8.8952e-01, -7.8194e-01, -2.4097e-02],
        [-1.5681e-02,  1.7901e-01, -2.5841e-02],
        [-5.5811e-01, -3.0483e-01, -3.5188e-01],
        [-1.2945e-01, -1.5670e-01, -3.2507e-01],
        [-5.7743e-01, -2.3619e-01, -1.5880e-01],
        [-2.8309e-01, -5.4035e-01, -3.1516e-01],
        [-2.8959e-01, -2.8587e-01, -1.7163e-01],
        [ 1.3527e-01,  1.8400e-01,  5.1485e-02],
        [-1.0004e-01, -5.1775e-02, -7.3012e-02],
        [-2.6879e-02, -1.9465e-01, -3.2205e-01],
        [-4.6626e-01, -4.4781e-01,  3.7365e-01],
        [-8.0621e-01,  1.0161e-01, -5.1955e-01],
        [ 4.2607e-01, -3.1096e-01, -1.3011e-01],
        [ 7.5525e-02,  2.5100e-01, -9.5614e-02],
        [ 5.1216e-01,  1.3805e-01, -3.0142e-01],
        [ 9.3594e-02,  1.3136e-01, -9.4570e-01],
        [-2.4091e-02, -2.8119e-04, -4.5465e-02],
        [-3.6541e-02, -3.2139e-01, -3.3970e-01],
        [-8.8796e-01,  2.0547e-01, -7.9773e-01],
        [ 2.0683e-02, -1.5998e-01, -5.3582e-02],
        [ 9.9094e-02, -2.9177e-01, -1.7584e-01],
        [ 2.1838e-01,  1.5088e-02,  7.5406e-03],
        [ 4.4720e-01,  4.6536e-01, -3.4166e-02],
        [-1.4575e-02, -4.2285e-02, -1.2654e-02],
        [ 7.1469e-02, -8.5305e-03, -5.7488e-03],
        [-6.5930e-03, -8.9673e-02,  4.2778e-02],
        [ 1.9929e-01, -1.6048e-02, -2.3601e-01],
        [-2.0520e-01, -2.6547e-02,  1.3895e-01],
        [ 2.8867e-01,  3.1984e-01, -1.9620e-01],
        [-2.1980e-01, -2.5705e-01, -8.8437e-04],
        [-4.9310e-02,  8.6325e-02, -1.3746e-01],
        [-2.4963e-01, -2.6613e-01, -2.7591e-01],
        [-3.9960e-01,  2.2237e-01, -2.5500e-01],
        [-8.1253e-01, -1.1407e+00,  1.7368e-01],
        [ 4.2522e-03, -1.2937e-01, -1.1302e-01],
        [ 8.9229e-02,  9.8977e-02, -1.5963e-01],
        [-7.9442e-02, -1.1344e-02,  2.4088e-02],
        [-2.1822e-01, -1.4613e-01,  2.0585e-02],
        [ 8.2012e-02,  1.7698e-01, -4.1011e-02],
        [-2.8143e-02, -5.1358e-02,  2.4154e-01],
        [-2.3009e-01, -2.5299e-01, -1.2580e-02],
        [-2.9582e-02, -6.5158e-01, -1.1184e-01],
        [-4.8875e-01, -5.4765e-01, -1.1435e-01],
        [-8.3076e-02, -2.3985e-01,  2.7685e-02],
        [ 7.1855e-02, -1.0201e-01, -5.0056e-02],
        [-3.4141e-02, -4.3010e-02, -4.8167e-02],
        [-5.0496e-01,  3.9727e-01,  4.9872e-01],
        [-3.4463e-01, -2.2292e-01, -7.0260e-01],
        [ 3.3701e-01,  3.8122e-01, -1.5004e-01],
        [-1.2636e-02, -5.3528e-02, -4.9975e-02],
        [ 4.5118e-01, -1.2102e-01, -8.1336e-01],
        [-6.8207e-01, -1.3810e-01, -2.9864e-01],
        [-1.2752e-01, -7.0096e-02, -2.4794e-02],
        [ 3.1375e-01, -1.6224e-01, -3.9206e-02],
        [-5.6531e-03,  5.2309e-01, -8.0442e-01],
        [-1.6237e-02,  3.0621e-01, -1.6390e-01],
        [ 5.9399e-02, -4.5491e-01, -4.4658e-01],
        [ 2.5942e-01,  3.4723e-01,  4.3634e-01],
        [ 1.2916e-01, -2.2095e-01, -1.0136e-01],
        [ 5.3175e-02, -5.7823e-03, -1.5171e-01],
        [-1.1649e-01,  2.4112e-01, -1.0603e-01],
        [-5.0261e-02, -5.4656e-02,  2.0913e-01],
        [-2.8409e-01, -1.1455e-02, -1.2567e-02],
        [-3.2709e-01,  3.4127e-01, -7.3612e-01],
        [-1.0212e-02,  1.2953e-01, -1.9498e-02],
        [-3.8477e-02, -5.0860e-03, -1.3650e-02],
        [-2.5560e-02,  5.5477e-01,  1.7997e-01],
        [-5.3195e-01,  1.5907e-01, -2.9115e-01],
        [ 2.2779e-01, -2.9146e-02, -9.9345e-02],
        [-8.5766e-03,  1.1688e-01, -8.8788e-02],
        [-1.1943e-01,  1.0212e-01,  1.9383e-02],
        [-9.1432e-02,  4.1717e-01, -1.5140e-01],
        [-7.4619e-01,  3.9255e-01,  1.7491e-01],
        [-3.1608e-01,  1.0968e-01,  2.3737e-01],
        [ 4.3808e-02,  7.9420e-02, -5.9787e-02],
        [ 2.9966e-01, -1.7518e-01, -1.1243e-01],
        [ 2.7292e-01,  4.1986e-01,  3.8825e-01],
        [-3.4513e-02,  3.5112e-02, -1.6842e-01],
        [ 7.5929e-02,  1.0314e-02, -3.4057e-02],
        [ 3.5851e-01, -1.9388e-02, -7.3000e-02],
        [ 1.5222e-01, -7.7385e-02,  5.4852e-01],
        [-2.8646e-02, -3.6770e-02, -8.0313e-01],
        [-2.6158e-01,  3.5755e-02, -8.5235e-02],
        [-1.7257e-02, -2.3072e-02, -2.3395e-02],
        [-6.6365e-03, -1.3613e-01, -1.1848e+00],
        [ 1.8604e-01, -4.0928e-01,  2.3836e-01],
        [ 5.3909e-01,  2.3271e-01,  3.7148e-01],
        [-3.7436e-02,  2.5491e-02, -3.5304e-02],
        [ 3.8927e-02,  1.4007e-02, -4.2431e-02],
        [ 2.1664e-01, -1.1101e-01, -1.9244e-01],
        [ 1.3295e-01,  5.6753e-02, -1.1308e-01],
        [ 5.3707e-01, -1.7499e-01, -1.8034e-01],
        [ 1.1138e-03,  1.3297e-01, -2.4039e-02],
        [ 8.1145e-02, -2.0223e-01, -6.9772e-02],
        [ 1.3121e-01, -1.5721e-02, -5.0539e-03],
        [-5.9722e-02,  1.5635e-01,  1.1698e-01],
        [ 1.1097e-01, -1.4401e-01,  3.5016e-01],
        [-2.7359e-01, -2.7317e-02,  1.2028e-02],
        [-1.2852e-02, -1.2358e-01,  3.2331e-01],
        [-4.7387e-01, -4.2654e-01,  1.1068e-01],
        [ 2.4651e-01,  3.9065e-01,  3.6106e-01],
        [ 1.0305e-01,  2.8490e-01, -4.2228e-02],
        [-9.5294e-02,  2.1957e-01, -8.5202e-02],
        [ 2.7133e-01,  2.0347e-01,  2.5629e-01],
        [-2.1617e-01,  3.7395e-03,  5.2352e-01],
        [-3.6615e-02, -9.7842e-03, -6.3900e-02],
        [-4.5441e-01,  2.4884e-01, -2.8965e-01],
        [-1.1077e+00,  1.8933e-01, -8.0578e-01],
        [ 4.3895e-01,  7.8833e-02, -2.3141e-01],
        [ 3.6385e-01,  7.4065e-02,  3.5459e-01],
        [-3.8436e-02, -2.4809e-02, -2.4044e-02],
        [-2.3831e-02,  1.9303e-01, -8.0844e-03],
        [ 1.5866e-01,  5.8005e-03, -1.1974e-02],
        [-7.3383e-01, -8.7820e-01,  2.8028e-01],
        [ 5.9477e-02, -2.1112e-02, -9.3504e-02],
        [-9.7226e-02,  2.4584e-01, -2.6185e-02],
        [-3.6495e-02, -1.3323e-01,  3.8703e-01],
        [-6.2785e-02, -3.1322e-02, -5.7751e-02],
        [ 1.2232e-01,  3.6630e-01, -1.5514e-01],
        [-6.4098e-02,  5.2570e-02,  3.5681e-02],
        [-1.1784e-01, -2.1964e-01, -1.5956e-01],
        [-2.3097e-01, -3.7101e-01,  5.5507e-02],
        [-1.5123e-02, -3.3155e-02, -4.2183e-02],
        [-4.4938e-02, -5.4219e-02, -1.6363e-01],
        [-2.8629e-01, -3.9591e-01, -5.2651e-01],
        [-2.4308e-01, -2.6603e-01, -4.6195e-02],
        [-5.8690e-02,  1.9708e-01, -5.3998e-03],
        [-2.1055e-01, -2.1722e-01, -2.6548e-01],
        [ 3.9001e-02, -2.4722e-01, -6.7174e-01],
        [-1.2595e-01,  1.7094e-01,  7.4188e-03],
        [ 1.8637e-01,  5.3197e-01,  2.5754e-02],
        [-4.4129e-02,  3.3855e-01, -4.8474e-02],
        [-9.5655e-01,  2.9605e-02, -5.6091e-01],
        [ 1.7681e-02, -2.9833e-02,  2.0912e-02],
        [ 1.3408e-01, -9.9746e-02, -5.1212e-02],
        [-1.4225e-01, -8.7548e-02,  1.0838e-01],
        [-1.2815e-01, -5.4883e-02, -1.8732e-02],
        [ 1.7097e-01, -9.5096e-02, -1.5673e-02],
        [ 1.7497e-01, -4.3805e-02,  1.7209e-01],
        [ 4.7513e-01, -8.5196e-02, -1.2595e-01],
        [ 4.2028e-01, -8.7233e-01, -4.8336e-01],
        [-5.6126e-01,  1.1956e-01,  1.6445e-01],
        [ 4.5445e-01, -9.4702e-02, -3.9833e-04],
        [-3.2209e-01,  3.3421e-01,  3.5157e-01],
        [-1.0157e-01, -7.4911e-02, -3.6507e-02],
        [ 3.5887e-01, -5.6942e-01, -5.9363e-01],
        [-7.2640e-01, -1.9108e-01, -1.1337e-01],
        [-6.7369e-01, -4.9579e-01,  4.2958e-01],
        [-3.6706e-02, -3.0211e-01, -4.1138e-01],
        [-2.9525e-02, -1.6843e-02, -1.6329e-02],
        [-3.7576e-02,  2.0152e-01, -1.1299e-02],
        [-3.9963e-02,  1.1541e-02,  2.0771e-02],
        [-1.6029e-01,  6.1488e-02, -5.9675e-02],
        [ 7.1691e-02, -2.1209e-02, -4.8373e-01],
        [-3.5074e-01, -3.4459e-01,  4.2116e-04],
        [-6.4941e-01, -3.3334e-01, -2.8012e-01],
        [ 4.6511e-02,  4.2239e-01,  2.9387e-01],
        [ 8.8860e-02, -1.3742e-05, -1.2947e-01],
        [ 2.2559e-01,  7.8081e-02, -3.7449e-02],
        [ 3.6049e-01, -5.1340e-02,  1.3715e-01],
        [ 1.3270e-02, -3.1465e-01, -1.2920e-01],
        [-5.0175e-01, -4.1288e-01, -7.3422e-02],
        [-4.0820e-01,  1.4708e-01, -3.0025e-01],
        [-2.8769e-02, -7.9787e-02, -4.7634e-02],
        [ 2.3937e-02, -1.9344e-01, -6.5744e-02],
        [-5.2422e-01,  1.1549e-01, -5.6877e-01],
        [-2.5830e-03,  4.3002e-02, -5.0155e-01],
        [-2.1766e-01, -2.3980e-01, -2.8417e-01],
        [-9.6885e-02, -1.0798e-02, -1.2842e-01],
        [-4.1184e-01, -4.2437e-01,  2.9920e-01],
        [-4.0825e-02, -5.0800e-02, -6.6575e-02],
        [-7.4703e-02,  3.2298e-02,  2.5312e-01],
        [-3.0464e-02, -2.4958e-02,  2.4851e-02],
        [-3.5526e-02,  7.5791e-02, -2.2035e-01],
        [ 1.4671e-02, -6.0974e-02, -9.7733e-02],
        [-5.4179e-02, -9.4839e-02, -9.8121e-02],
        [-5.2153e-02,  1.2880e-01, -2.5749e-02],
        [ 5.2159e-01,  3.8823e-01, -3.7816e-01],
        [-1.0733e-01,  1.9892e-01, -7.4154e-04],
        [-8.8581e-02, -4.3874e-02, -1.1240e-01],
        [ 1.9142e-01, -4.3953e-01, -4.5022e-01],
        [-5.0581e-02, -6.6834e-02, -3.0777e-02],
        [-4.0310e-01, -2.6328e-01, -4.1707e-01],
        [ 2.7488e-03, -2.8061e-02,  1.2353e-02],
        [-4.5593e-01, -8.9006e-01,  2.4745e-01],
        [ 1.3841e-01,  8.1304e-02, -2.4944e-02],
        [ 3.6612e-02, -2.5258e-01, -3.8775e-02],
        [-8.1301e-02, -2.0805e-01,  3.1611e-02],
        [-3.8635e-02, -3.1193e-02, -2.4924e-02],
        [ 8.0578e-02,  3.3712e-02, -1.2876e+00],
        [ 2.6489e-01, -3.7843e-01,  8.8573e-02],
        [ 1.4762e-01, -3.8195e-01,  1.6569e-01],
        [ 1.4546e-01, -4.6347e-02, -2.8943e-02],
        [-6.5122e-02, -3.9717e-02, -8.9375e-02],
        [-2.2386e-02, -1.9135e-02, -1.9594e-02],
        [-4.3214e-02,  1.8966e-01, -2.8275e-02],
        [-3.2774e-01,  1.1616e-01,  1.2240e-01],
        [-2.3867e-02, -1.1261e-02, -3.0359e-02],
        [ 3.4353e-01,  6.7187e-02, -2.4752e-01],
        [-5.1978e-02, -2.3792e-02,  1.8386e-01],
        [-4.7990e-01, -3.1003e-01, -5.6262e-01],
        [-4.2299e-01, -1.3287e-01, -4.8953e-01],
        [ 4.3472e-01, -4.6193e-01, -4.3063e-01],
        [-8.9828e-01,  3.7145e-01, -1.3658e+00],
        [-1.5507e-01, -2.2036e-01,  3.3223e-01],
        [-2.4903e-02,  1.5631e-01, -8.8716e-02],
        [-3.4054e-01, -1.6825e-01, -3.8490e-02],
        [ 1.9775e-01, -4.3808e-01, -4.4405e-01],
        [-1.7065e-01,  3.5392e-01,  1.7914e-01],
        [ 1.5739e-01, -5.4778e-01, -3.8217e-01],
        [ 2.3558e-01, -6.0297e-01, -1.8940e-01],
        [-8.1844e-02, -1.6946e-01,  4.4218e-02],
        [ 2.3840e-01, -3.2442e-01, -5.2685e-01],
        [-1.2424e-01,  6.5278e-02, -3.3735e-01],
        [ 1.5830e-01, -6.9700e-02,  2.3464e-01],
        [ 1.5302e-01, -7.7684e-02, -1.9232e-01],
        [-7.3847e-01, -4.0247e-01,  3.4477e-01],
        [-1.0401e-01,  1.3534e-04, -5.3137e-02],
        [-4.1049e-02,  7.3220e-03, -4.1330e-02],
        [ 3.3307e-02,  1.7559e-02, -7.2976e-02],
        [-2.2867e-02, -1.1586e-02, -1.3616e-02],
        [ 1.2397e-02,  4.3691e-03, -2.5009e-02],
        [-1.7188e-02, -5.2249e-02, -8.3034e-02],
        [-3.1628e-02,  1.3460e-01, -5.6267e-02],
        [-4.8847e-01, -7.6022e-02, -1.6592e-01],
        [-1.1801e-02, -2.5430e-02,  5.3022e-02],
        [ 1.4191e-01,  2.8905e-01,  3.3222e-01],
        [ 6.8018e-02, -1.8070e-01,  1.3583e-01],
        [ 6.1555e-03, -1.9294e-02,  5.2258e-02],
        [-7.4225e-02, -2.0767e-02, -2.3674e-02],
        [-2.5825e-01, -4.3994e-02, -2.1332e-02],
        [ 1.5774e-01, -6.2580e-02, -3.3499e-02],
        [ 2.5297e-01,  3.9003e-01,  3.6040e-01],
        [ 1.7965e-02, -4.0361e-01, -4.0528e-01],
        [ 6.7811e-02, -9.2855e-02, -1.1049e-01],
        [-2.0679e-01, -3.8808e-02, -1.7592e-01],
        [-2.0240e-01,  2.7455e-01, -1.7006e-01],
        [-1.1858e+00,  2.1724e-01, -7.8620e-01],
        [ 2.5511e-02,  2.1224e-01,  1.5726e-01],
        [-1.5689e+00,  1.0437e-01, -8.1697e-01],
        [-1.7654e-01,  5.2848e-01, -2.8780e-01],
        [ 7.5356e-02,  7.6233e-02, -2.2501e-01],
        [-6.3313e-01, -5.2222e-01,  2.8056e-01],
        [-2.1667e-01,  1.2232e-01, -9.4648e-03],
        [-5.4244e-01,  6.0728e-01, -8.7912e-01],
        [-1.1327e-01,  4.6423e-01, -1.7952e-01],
        [-1.0891e-01,  2.1068e-03, -1.5417e-01],
        [-7.7140e-02, -6.2162e-02, -1.2512e-02],
        [ 6.3385e-02,  1.3550e-01,  1.0435e-01],
        [ 1.2695e-01,  2.8461e-01,  2.1729e-02],
        [ 1.2922e-01, -3.3066e-01, -3.4634e-01],
        [-3.0966e-02, -4.7559e-02, -5.6930e-02],
        [-3.1754e-02, -1.4898e-02, -1.0587e-02],
        [-2.1619e-03, -3.8154e-02, -4.4191e-02],
        [ 7.6643e-02, -4.9742e-01, -8.7939e-02],
        [ 2.3176e-01, -2.1312e-02, -1.9051e-03],
        [-1.1437e-01, -2.2355e-03, -2.7488e-02],
        [ 1.7879e-02, -5.3381e-01, -4.6981e-01],
        [-7.9684e-01,  2.3954e-01, -6.1717e-01],
        [-5.1735e-01, -2.5351e-01, -3.6832e-01],
        [ 1.8166e-03, -8.6919e-02,  4.4587e-02],
        [ 3.2988e-01,  1.0246e-01, -3.8603e-01],
        [-3.5468e-02, -2.1869e-02, -4.3093e-02],
        [-6.2618e-02, -3.0331e-01, -4.4044e-01],
        [-2.8517e-03,  5.6755e-02, -1.6405e-02],
        [-3.7928e-02, -1.9355e-01,  3.2679e-02],
        [-6.5413e-02, -5.1459e-01, -5.0809e-01],
        [-7.4411e-01, -1.4174e-01, -4.8703e-01],
        [-2.3326e-01, -2.6087e-01, -1.3271e-01],
        [ 1.2801e-01,  7.1928e-02,  1.4060e-01],
        [ 8.0097e-02,  2.7129e-01, -5.7148e-02],
        [-2.3859e-01,  3.0177e-01,  6.5170e-02],
        [ 3.7303e-01,  1.2349e-01,  3.2932e-01],
        [ 2.8831e-01, -8.4425e-01,  2.7669e-02],
        [-4.2321e-03, -1.1933e-01, -3.1140e-02],
        [-2.4478e-02, -1.7376e-02, -9.9466e-02],
        [ 4.1527e-02, -6.0885e-02, -1.4600e-01],
        [-5.3974e-02, -5.3378e-01,  5.1660e-01],
        [-8.3900e-01,  1.4249e-01, -2.5796e-01],
        [-1.8291e-02, -8.0050e-02, -1.8070e-02],
        [ 3.5575e-02, -1.7550e-01, -6.2517e-02],
        [-5.4000e-01, -2.7348e-01, -3.3808e-02],
        [-2.0924e-01, -1.0612e-01, -9.2831e-02],
        [-2.5734e-01,  9.4140e-02, -2.3464e-01],
        [ 1.4088e-01,  1.8176e-01, -3.1895e-01],
        [-1.5425e-01, -5.8155e-03,  7.2761e-02]])tensor([-0.4410,  0.2382, -0.2466, -0.0204,  0.3190, -0.3018, -0.0326, -0.2151,
        -0.4358, -0.4920,  0.2758, -0.2467, -0.0723, -0.0312, -0.0319,  0.4880,
        -0.3225, -0.3158, -0.2152, -0.2599, -0.5978, -0.0923,  0.3024,  0.0358,
        -0.5021, -0.4439, -0.0493, -0.1413,  0.4584, -0.3833, -0.2810, -0.1505,
        -0.5696,  0.4602,  0.0280, -0.0477, -0.1460, -0.1878, -0.1690, -0.2633,
        -0.5094,  0.6156, -0.4646, -0.3965,  0.2586, -0.1224, -0.0763, -0.2900,
        -0.0730, -0.2441, -0.0385,  0.2350, -0.0336, -0.2322, -0.1330, -0.0847,
        -0.5127, -0.2836, -0.0161, -0.0333, -0.0581, -0.3315, -0.2561, -0.2663,
        -0.0960, -0.3279, -0.0935, -0.1312, -0.0269, -0.3830, -0.1213, -0.5313,
         0.0649, -0.0435, -0.0347, -0.4441,  0.0085, -0.4549, -0.3057,  0.4260,
         0.2480, -0.0156, -0.0435, -0.2414, -0.1478, -0.0660, -0.3105,  0.2039,
         0.0383,  0.1275,  0.3223, -0.0243, -0.1301, -0.0545, -0.0085, -0.0974,
        -0.0197, -0.5321, -0.1309, -0.3394, -0.1137, -0.3960, -0.0405, -0.3405,
        -0.4724,  0.6345, -0.4854, -0.1733,  0.1816,  0.0102, -0.0488, -0.0248,
        -0.4837, -0.4110,  0.1400, -0.3957, -0.1172, -0.6200, -0.2582, -0.2677,
        -0.0148, -0.3090, -0.0188, -0.4767, -0.2793,  0.1251, -0.0392, -0.5016,
        -0.1415, -0.4943, -0.0414, -0.6823, -0.3419,  0.0584,  0.1820, -0.0221,
        -0.3361, -0.0211, -0.1907, -0.0253, -0.4329, -0.1913, -0.2097, -0.0104,
        -0.4445,  0.5013, -0.4893, -0.0143, -0.0532, -0.0152, -0.0151, -0.4287,
        -0.2686, -0.0243, -0.2240,  0.0129, -0.2642, -0.0851, -0.2379, -0.0222,
        -0.0167, -0.2497, -0.3395, -0.1302, -0.1266,  0.4306, -0.2055, -0.4104,
        -0.0854, -0.1827, -0.0854, -0.0382,  0.0890, -0.0323, -0.0027, -0.4963,
        -0.0096, -0.2136, -0.0179, -0.2817, -0.0204, -0.0409, -0.6131, -0.2255,
        -0.3307, -0.1035, -0.6258, -0.4593, -0.4324, -0.4162, -0.0686, -0.4497,
         0.1562, -0.0180, -0.3512,  0.1286,  0.2730,  0.1181, -0.2947, -0.5132,
        -0.5524, -0.3575, -0.1191, -0.4765, -0.4183, -0.2308, -0.0096, -0.0111,
        -0.0130, -0.0611, -0.0861, -0.1368, -0.1021, -0.0538, -0.1717, -0.0399,
        -0.3348,  0.0879, -0.0150, -0.4990, -0.5151, -0.0694, -0.6450, -0.0148,
         0.3135, -0.2098, -0.3569, -0.0248, -0.0939, -0.0326, -0.5552,  0.3419,
        -0.5529, -0.3083, -0.1227, -0.0724, -0.0180, -0.3027,  0.0973, -0.2392,
         0.1881, -0.3611,  0.4442, -0.3383, -0.6461,  0.1620, -0.4512,  0.4987,
        -0.5351, -0.2963, -0.0123, -0.2718, -0.0254, -0.3090, -0.1577, -0.1258,
        -0.0346, -0.5580, -0.3733, -0.0998, -0.0223, -0.3996, -0.3808, -0.3315,
        -0.1950, -0.2106, -0.1148, -0.2388, -0.0162, -0.3999, -0.2076, -0.4967,
        -0.0362, -0.3120, -0.3089, -0.6819, -0.6395,  0.1044,  0.4840, -0.1794,
        -0.0163, -0.4969, -0.6394, -0.4180,  0.3092, -0.1029,  0.0010, -0.0660,
        -0.5330, -0.0403, -0.0692, -0.1788, -0.3625, -0.0080, -0.3951,  0.1508,
        -0.3066, -0.0453, -0.1659, -0.2536,  0.2338, -0.0538, -0.4329, -0.0732,
        -0.0192, -0.4942, -0.0541, -0.0217, -0.4138,  0.0680, -0.2002, -0.3405,
        -0.2455, -0.3047, -0.1240, -0.0139, -0.6518, -0.0042, -0.1383, -0.4996,
        -0.0556, -0.5090, -0.0103, -0.4529, -0.2801, -0.0119, -0.3086, -0.1046,
        -0.0538, -0.0256, -0.3381, -0.1086, -0.5384, -0.2603, -0.1240, -0.3027,
        -0.5523, -0.2217, -0.4513,  0.1366, -0.2810, -0.2533, -0.3112, -0.1697,
        -0.3155, -0.1036, -0.0022, -0.0215, -0.3635, -0.1463, -0.0220, -0.6366,
        -0.4295, -0.5440, -0.0922, -0.3795,  0.4465, -0.0465, -0.3577, -0.1187,
        -0.0263,  0.1510, -0.4450, -0.0792,  0.1823, -0.1179, -0.4463, -0.2960,
         0.3789,  0.1134, -0.0338, -0.4350, -0.3643, -0.4507, -0.2243, -0.0307,
         0.0182,  0.0179, -0.5141, -0.0901, -0.0202, -0.0227, -0.0218, -0.0186,
         0.4852, -0.0146, -0.3594, -0.2949,  0.4889, -0.1589, -0.0547,  0.2200,
        -0.4712, -0.0583,  0.3896, -0.5025, -0.4436, -0.4484, -0.2565, -0.0131,
        -0.5218, -0.4933, -0.2246, -0.5870,  0.0491,  0.5372, -0.3485, -0.4788,
        -0.4851, -0.5162,  0.1000, -0.1313, -0.3986, -0.0155, -0.0474, -0.0970,
        -0.0184,  0.3311, -0.3536, -0.4919,  0.3499, -0.0428, -0.4726, -0.2857,
        -0.1449, -0.1976, -0.0350,  0.3163, -0.2691, -0.0610, -0.1032, -0.2912,
        -0.0116, -0.1263, -0.0564, -0.2416, -0.1841, -0.3155,  0.2437, -0.2005,
        -0.5104, -0.1015, -0.0346, -0.1279,  0.4725,  0.2553,  0.0470, -0.2025,
        -0.2208, -0.3050, -0.0127, -0.5730, -0.0060, -0.5291, -0.4549, -0.1942,
        -0.1760, -0.3031, -0.5410, -0.4819, -0.0236, -0.0114, -0.5091, -0.0631,
        -0.2875, -0.0350, -0.3376, -0.4793, -0.1121, -0.3244, -0.1609, -0.4358,
        -0.5463, -0.0292,  0.0559, -0.2758,  0.0333, -0.1845, -0.2861,  0.5050,
        -0.1747,  0.1779,  0.1687,  0.6860, -0.5566, -0.4072, -0.0758, -0.0096,
        -0.0411, -0.1700, -0.3991, -0.4823, -0.3414, -0.0126,  0.2748, -0.3004,
        -0.5924, -0.4254, -0.5391, -0.2870, -0.0190, -0.1753, -0.3760, -0.5599,
        -0.0594, -0.3671, -0.0247, -0.0241, -0.2227, -0.1561, -0.0402,  0.0825,
        -0.2737, -0.1262, -0.2917, -0.4868, -0.2923, -0.4837, -0.1699,  0.2378,
        -0.3705,  0.0516, -0.0195,  0.2718, -0.0244, -0.0372, -0.1181, -0.4038,
        -0.2272, -0.1011, -0.0144, -0.1100, -0.4213, -0.2280, -0.1634, -0.3993,
        -0.4159,  0.2878, -0.1661, -0.0200, -0.6374,  0.0437, -0.0088, -0.0111,
        -0.4457, -0.3030, -0.1467, -0.3765,  0.3814, -0.0079, -0.3388, -0.2181,
        -0.1056, -0.2822,  0.2294,  0.3268,  0.4637, -0.0151,  0.0339, -0.0781,
        -0.0677, -0.2159, -0.0499,  0.1360, -0.0762, -0.4650, -0.5027, -0.1113,
        -0.6306, -0.2343, -0.4186, -0.2300,  0.1313, -0.4861,  0.6552, -0.3072,
        -0.2966, -0.2575, -0.5542, -0.0387,  0.1726,  0.3579, -0.0231,  0.2015,
        -0.4438, -0.1358, -0.2838, -0.1966, -0.0068, -0.6323,  0.6344, -0.4033,
        -0.1149,  0.1404, -0.2832, -0.5442,  0.1943,  0.0620, -0.5502, -0.5298,
         0.0325, -0.2099, -0.0196, -0.2430, -0.0243, -0.5043,  0.2581, -0.3979,
        -0.0234, -0.4992, -0.5464, -0.0249, -0.2481,  0.3153, -0.2140, -0.4558,
        -0.2553, -0.0062, -0.0949, -0.5698, -0.4149, -0.0178, -0.2636, -0.0227,
        -0.2805, -0.0209, -0.0162, -0.0086, -0.4147,  0.0128, -0.3651, -0.0531,
         0.2179,  0.4632, -0.1020, -0.0173, -0.2637, -0.1276, -0.4156, -0.1505,
        -0.1414, -0.0083, -0.1551, -0.4249, -0.6037, -0.0566, -0.1584, -0.0744,
         0.0490,  0.0446, -0.4090, -0.0376, -0.1030, -0.3082, -0.1706, -0.0167,
        -0.0955, -0.0247,  0.1434,  0.3391, -0.3813,  0.4508, -0.3376, -0.5227,
        -0.0284, -0.5045,  0.1789, -0.3017, -0.1578, -0.2099, -0.1355, -0.2701,
        -0.5064, -0.4982, -0.3740, -0.3165, -0.0012, -0.2866, -0.3778, -0.3124,
        -0.4650, -0.0173,  0.2973, -0.5427,  0.5876, -0.2060, -0.6423,  0.4842,
        -0.5237,  0.5365, -0.1884,  0.5390,  0.2864, -0.1954,  0.4640, -0.0261,
        -0.1662, -0.2581,  0.0628, -0.0838, -0.3138, -0.5457, -0.4889, -0.0266,
        -0.0880, -0.5283, -0.1059, -0.2151,  0.0912, -0.5767, -0.2665, -0.0349,
        -0.1576, -0.0202, -0.5341, -0.0809, -0.2179, -0.2240, -0.1064, -0.0390,
        -0.4435, -0.2503, -0.3884, -0.0307,  0.1699, -0.0496, -0.2832, -0.3191,
        -0.1693, -0.0132, -0.2866, -0.1588, -0.0495, -0.3222, -0.0268, -0.4908,
        -0.0113, -0.0875, -0.1345, -0.0373, -0.1661, -0.0183,  0.3986, -0.0298,
        -0.4421, -0.4062, -0.4779, -0.5150, -0.4233, -0.5508, -0.4814, -0.1493,
        -0.2099, -0.0956, -0.4729, -0.2655,  0.0101, -0.0093, -0.0178, -0.3936,
        -0.3290, -0.0058, -0.4399, -0.3020, -0.3194, -0.3215, -0.5092,  0.2411,
        -0.3508, -0.0340,  0.1523,  0.1083, -0.0138, -0.3749,  0.0119, -0.0721,
         0.4290, -0.4142,  0.3857, -0.0187,  0.1982, -0.2981, -0.6521, -0.2700,
         0.1950, -0.0224, -0.2815, -0.1738, -0.1124, -0.4880, -0.3948, -0.1019,
        -0.5612, -0.2667, -0.3546, -0.4372, -0.0184,  0.5818, -0.0241, -0.0228,
        -0.0065,  0.2378, -0.4760, -0.1855, -0.2218, -0.0313,  0.2105, -0.4535,
        -0.5160, -0.0167, -0.0423, -0.1083, -0.0318, -0.0156, -0.2658, -0.0301,
        -0.0358, -0.0186,  0.4528, -0.3484, -0.0465, -0.2299, -0.0097, -0.0143,
        -0.4276, -0.3212, -0.5056,  0.0694, -0.5672, -0.1003, -0.3415, -0.1236,
        -0.0340, -0.0255,  0.2651, -0.3778, -0.2863, -0.1154, -0.0357, -0.4249,
        -0.2738, -0.1271, -0.0868, -0.0390,  0.0072, -0.6012, -0.0419, -0.0494,
        -0.1760, -0.4319, -0.5873, -0.3239, -0.1507, -0.0949, -0.3999, -0.5359,
        -0.3767,  0.2133, -0.1500, -0.3521,  0.2140, -0.0136,  0.4796,  0.5522,
        -0.2953, -0.3301, -0.0509, -0.4821, -0.5494, -0.2242, -0.0097, -0.2212,
        -0.0717, -0.0662,  0.4261, -0.4710,  0.3058, -0.3053,  0.3128,  0.0125,
        -0.1195,  0.1724, -0.3515, -0.4528,  0.2511, -0.0931, -0.1686, -0.2530,
         0.4067,  0.2436,  0.0350, -0.1539, -0.3781,  0.1050, -0.0295, -0.0354,
        -0.3698, -0.2732, -0.2147, -0.0687, -0.4749, -0.2343, -0.1218, -0.0257,
        -0.1830, -0.0215, -0.1600,  0.2004, -0.4700, -0.0483, -0.0248, -0.0259,
        -0.1758, -0.4570, -0.1643, -0.0136, -0.2449, -0.0866, -0.3755, -0.4126,
        -0.1782, -0.2628,  0.0727, -0.0344,  0.0821, -0.0089, -0.5452, -0.5740,
        -0.0207, -0.0851, -0.3968,  0.2378,  0.3456,  0.0268, -0.0282,  0.0270,
        -0.1833,  0.2939, -0.1721, -0.0246, -0.3045,  0.1005, -0.0355, -0.0107,
        -0.3020, -0.1113, -0.0735, -0.1644, -0.1088, -0.3082, -0.0619, -0.3348,
        -0.4164, -0.3397, -0.2808,  0.2877, -0.2635, -0.5518, -0.2185, -0.0177,
        -0.1220, -0.3394, -0.0427, -0.0762, -0.5023, -0.4852, -0.0262, -0.2371,
        -0.5547, -0.0068,  0.5179, -0.5181, -0.4144, -0.4532,  0.1293,  0.1777,
         0.2592, -0.0809, -0.0370,  0.2203, -0.1181, -0.1006, -0.3910, -0.0106,
        -0.4454, -0.1919, -0.2766, -0.0324, -0.0213, -0.0094, -0.1984, -0.1388,
        -0.3070,  0.4220, -0.4830, -0.0189, -0.2042, -0.2867,  0.2680, -0.0230,
        -0.3044, -0.3794,  0.3672, -0.4441,  0.3741, -0.1078,  0.0694, -0.2771,
        -0.0322,  0.0539, -0.0202, -0.1648,  0.0290, -0.5129, -0.4679, -0.4942,
        -0.7006, -0.3410, -0.5246,  0.1131, -0.2937, -0.3267, -0.0611, -0.3076,
        -0.0207, -0.0197, -0.3595, -0.2210,  0.3576, -0.2415, -0.0605, -0.3138,
         0.1172, -0.1406,  0.0606, -0.1974,  0.3633, -0.5068, -0.2839, -0.0139,
        -0.2322, -0.0110,  0.1067, -0.1837, -0.1636, -0.1603, -0.1214,  0.1484,
        -0.0995, -0.0045, -0.0848, -0.2566, -0.0210, -0.2597, -0.0080, -0.3331,
         0.3396,  0.1210, -0.1237,  0.2744, -0.0122,  0.1908, -0.1692, -0.1978,
         0.0266,  0.3014, -0.1825, -0.1927, -0.4917, -0.0338, -0.0297, -0.3823,
        -0.0241, -0.4592, -0.5062, -0.5521, -0.0521, -0.1431, -0.0125, -0.3947,
         0.4221, -0.0667, -0.0993, -0.2677, -0.4493, -0.3469, -0.0429,  0.0467,
        -0.0143,  0.1598,  0.2987,  0.0190, -0.0173, -0.0413, -0.5001, -0.1904,
        -0.2435, -0.0100,  0.4514, -0.2875,  0.2257, -0.4032, -0.0175, -0.1735,
        -0.3180, -0.1984, -0.4860, -0.2925, -0.0636, -0.3709, -0.2801, -0.4173,
        -0.0399, -0.1521, -0.2571, -0.1863, -0.0030, -0.2716, -0.0855, -0.5610,
        -0.2063, -0.4401, -0.3729, -0.2392, -0.6258, -0.2191, -0.0256, -0.6226,
        -0.4069, -0.5167, -0.5165, -0.0154, -0.1381, -0.1709, -0.4207, -0.3366,
        -0.2494,  0.0273,  0.2233, -0.5736, -0.5552, -0.2339,  0.1619,  0.0220,
        -0.5277, -0.0127, -0.4915, -0.0212, -0.0833, -0.0774, -0.5694, -0.3030,
         0.1326, -0.5567, -0.2327, -0.4666,  0.4735,  0.0169, -0.0761,  0.1157,
        -0.5234, -0.0115, -0.4011, -0.2094, -0.3282, -0.4459, -0.0927, -0.1595,
        -0.0126, -0.4705, -0.4382, -0.4321, -0.3462, -0.3466, -0.3054,  0.0574,
         0.0207, -0.3052,  0.1608, -0.2710, -0.0476, -0.3057, -0.1932, -0.5953,
        -0.1092, -0.0131, -0.2172, -0.3368, -0.5277, -0.5441,  0.1325, -0.2220,
        -0.1487,  0.3158, -0.0198, -0.3697, -0.1550, -0.0304, -0.1795, -0.4553,
        -0.0989,  0.4545, -0.4285, -0.5633,  0.1224, -0.3626, -0.0643, -0.0343,
        -0.4176, -0.2418, -0.0158, -0.4942,  0.1837, -0.4608,  0.0176, -0.3409,
        -0.3372, -0.0572, -0.0259, -0.0511, -0.0252,  0.0385, -0.4552, -0.0334,
         0.0911, -0.2423, -0.0212, -0.0174,  0.1803, -0.0207, -0.1636,  0.1795,
        -0.2447, -0.3904,  0.2281,  0.0276, -0.2022, -0.4952,  0.5929, -0.0638,
        -0.1334, -0.1490, -0.3167, -0.5608, -0.3196,  0.3325, -0.0438, -0.3519,
        -0.1630,  0.3706, -0.2447, -0.0327, -0.4790, -0.1372, -0.1235, -0.1721,
        -0.6859, -0.0289,  0.0990, -0.0831, -0.2447, -0.4948, -0.2365, -0.1712,
        -0.0517, -0.3579, -0.2940, -0.4679, -0.3688, -0.2280, -0.2452, -0.3443,
        -0.1827, -0.3598, -0.0728, -0.1215,  0.0108, -0.0256, -0.3174, -0.0133,
        -0.0733, -0.2667, -0.2903,  0.0666, -0.0405,  0.1238, -0.4737, -0.1177,
        -0.4736, -0.2774, -0.0415, -0.4818, -0.4759, -0.0158,  0.5423, -0.0176,
        -0.0075, -0.1134, -0.0175,  0.4702, -0.0514,  0.0061, -0.0615,  0.4181,
        -0.5701, -0.0409, -0.2928, -0.2741,  0.4906,  0.0319, -0.4411, -0.2632,
        -0.2815, -0.0331,  0.5134, -0.4224, -0.6005, -0.0203, -0.4523, -0.0140,
        -0.0281, -0.2018, -0.4273, -0.5198,  0.0774, -0.4380, -0.0166, -0.4455,
         0.2160, -0.0526, -0.1936, -0.0358, -0.2044, -0.1436, -0.2922, -0.3318,
        -0.5700, -0.0138, -0.0742, -0.0361,  0.2220, -0.5771, -0.1503, -0.1977,
        -0.2734, -0.1013, -0.1441, -0.2904, -0.2776, -0.0493, -0.3202,  0.1530,
        -0.0999, -0.0321,  0.2942, -0.3985, -0.0113, -0.4668, -0.0321, -0.1568,
        -0.0092,  0.1421, -0.1302, -0.1914, -0.1632, -0.3794, -0.5880, -0.1147,
        -0.3260,  0.4210,  0.4003, -0.0600, -0.4368, -0.1569, -0.1351, -0.4049,
         0.2525, -0.5916, -0.2477, -0.2486,  0.2306, -0.2066, -0.0162, -0.2617,
        -0.0414,  0.0840, -0.2574, -0.4824,  0.3802, -0.2126, -0.3653, -0.3008,
        -0.2289, -0.3954, -0.2392, -0.4759, -0.0144, -0.0134, -0.0221,  0.6445,
        -0.1826, -0.4480, -0.2914, -0.0732, -0.0056, -0.3466, -0.0176,  0.1363,
        -0.1478, -0.0245, -0.0236, -0.2127,  0.3079, -0.4532, -0.0217, -0.5403,
        -0.1193, -0.2029, -0.4236, -0.0601, -0.1782, -0.1373, -0.0170, -0.0266,
        -0.4769, -0.2371,  0.2168, -0.6313, -0.1858, -0.0250, -0.3778,  0.1187,
         0.1733, -0.5545, -0.2433,  0.1005, -0.5739, -0.2916,  0.2328,  0.0273,
        -0.2719, -0.0288,  0.0925, -0.3709, -0.1037, -0.0949, -0.2479, -0.0475,
        -0.2733, -0.0146, -0.5303, -0.0519, -0.6617, -0.2441, -0.0354, -0.1038,
        -0.2414,  0.4740, -0.5483, -0.1746, -0.1241, -0.3087,  0.0880, -0.5403,
        -0.0713, -0.3733, -0.2648, -0.0140,  0.5528,  0.0892,  0.3041,  0.4296,
        -0.2531, -0.5395, -0.2689,  0.1093, -0.6351, -0.2216, -0.0536, -0.0400,
        -0.4400, -0.3827,  0.0737, -0.1618, -0.1608,  0.2942, -0.2098, -0.1761,
        -0.0598, -0.0597, -0.2460, -0.0485, -0.0863, -0.1351, -0.0137, -0.1500,
         0.0279, -0.0202, -0.2779, -0.0176, -0.0283, -0.2325, -0.0214, -0.1344,
        -0.0597, -0.5525, -0.3776, -0.1346, -0.5476, -0.2416, -0.0241,  0.2183,
        -0.0187,  0.5065, -0.3252, -0.1512, -0.4169, -0.3017, -0.0109,  0.1017,
        -0.0169, -0.3720, -0.0302, -0.0200, -0.3844, -0.0164, -0.2904, -0.3379,
        -0.5535, -0.5528, -0.7657, -0.2336,  0.0353,  0.2135, -0.2948, -0.0862,
        -0.0371, -0.0666, -0.0254, -0.0798,  0.3884, -0.2448,  0.0702, -0.5338,
         0.4087, -0.0146, -0.4435, -0.0871,  0.0442, -0.4283, -0.2365, -0.6382,
        -0.2355,  0.0452,  0.2710, -0.4537, -0.0359, -0.4855, -0.3095, -0.5962,
        -0.3530, -0.4969, -0.0399,  0.6751,  0.1703, -0.5266, -0.1894, -0.5958,
        -0.3227, -0.2118, -0.0073, -0.2173, -0.5354, -0.3758, -0.0461, -0.0262,
        -0.0115, -0.5655, -0.0347, -0.4325, -0.5126, -0.2060, -0.2197, -0.3565,
        -0.4459, -0.0432, -0.0436, -0.1262, -0.0373, -0.4733, -0.3079, -0.2482,
        -0.0516, -0.0821, -0.0872, -0.0276,  0.1462, -0.0154, -0.2629, -0.2648,
        -0.5493,  0.4327,  0.0363,  0.3349, -0.1471, -0.3107, -0.5539, -0.1329,
        -0.0102,  0.4083, -0.1392, -0.2201, -0.3214,  0.0008, -0.3328, -0.5034,
        -0.4391, -0.3094, -0.3654, -0.0300, -0.4729, -0.4827,  0.0295, -0.0142,
        -0.3088, -0.3729, -0.1093, -0.2194,  0.1524, -0.5772, -0.2639, -0.0327,
         0.0477, -0.2493, -0.5421, -0.4437, -0.3399, -0.1121, -0.2508, -0.0417,
        -0.0095, -0.5639, -0.1520, -0.3086, -0.4625, -0.3301,  0.0807, -0.2737,
        -0.0348, -0.0476, -0.1562, -0.0460, -0.1229, -0.5443, -0.2753, -0.3552,
        -0.5441, -0.0136, -0.0159, -0.4973, -0.4146, -0.0164, -0.0352, -0.2247,
        -0.3553, -0.1000,  0.1139, -0.0692, -0.0982,  0.0018, -0.3344, -0.0205,
        -0.5125, -0.0550,  0.1640, -0.4085, -0.4926, -0.3152, -0.4577, -0.4516,
        -0.0554,  0.1922,  0.0245, -0.1762, -0.3252,  0.1904, -0.4842, -0.1677,
        -0.3236, -0.3786, -0.2089, -0.4280, -0.3985, -0.5191, -0.3890, -0.0687,
         0.0345, -0.3695, -0.5257, -0.1236,  0.5563,  0.0564, -0.0252, -0.4506,
        -0.2241, -0.1799, -0.1003, -0.3183, -0.4627, -0.0238, -0.0094, -0.5769,
        -0.4769, -0.0093, -0.3896, -0.4162, -0.3943, -0.2154, -0.1047, -0.2985,
        -0.4212, -0.4712, -0.0499,  0.0922, -0.2775, -0.0541, -0.2840,  0.0990,
        -0.1939, -0.3886, -0.2675, -0.2099, -0.4460, -0.0277,  0.2662, -0.2909,
        -0.2928, -0.1879, -0.4421,  0.0846,  0.1832, -0.0552, -0.1790, -0.5643,
        -0.0371, -0.1259,  0.0358,  0.4078, -0.3386, -0.0257, -0.1701, -0.0305,
        -0.4043, -0.3115,  0.3278, -0.0268, -0.0145, -0.2659, -0.0260, -0.4546,
        -0.2065, -0.1491,  0.3110, -0.2467, -0.3974,  0.2089,  0.3472, -0.4799,
         0.4510, -0.4592,  0.0195,  0.1172, -0.1049,  0.1258, -0.5462, -0.4127,
        -0.1182, -0.4114, -0.0140,  0.4297,  0.0973, -0.0736, -0.2084, -0.2872,
        -0.6133, -0.0104, -0.0898, -0.0801, -0.3163,  0.2299, -0.1314, -0.0988,
        -0.1305, -0.1422,  0.0057,  0.1711,  0.1433, -0.2435, -0.0473, -0.5093,
        -0.3156, -0.3249, -0.0932,  0.1684, -0.3072,  0.2638, -0.1019, -0.0182,
        -0.4704,  0.3592, -0.5371, -0.0195, -0.6543,  0.0733, -0.0356, -0.3923,
        -0.3015, -0.4029,  0.2661, -0.5838, -0.5392, -0.1034, -0.3023, -0.1470,
        -0.0772, -0.2081, -0.1624, -0.0160, -0.4025, -0.4264, -0.2928, -0.1596,
        -0.1688, -0.5184, -0.3362, -0.4474, -0.1467, -0.3889, -0.5520, -0.0904,
        -0.1092, -0.4614, -0.3660, -0.0872, -0.1382, -0.0095,  0.3623, -0.5999,
        -0.5213, -0.0411, -0.0675, -0.1755, -0.2330, -0.4916, -0.1752, -0.1281,
        -0.1645, -0.3342, -0.5764, -0.0872, -0.4515,  0.1737, -0.5135, -0.5574,
        -0.2290, -0.3822, -0.1779, -0.0210, -0.5221,  0.1515, -0.1113, -0.3324,
        -0.0206, -0.2384, -0.2095,  0.0036, -0.0961, -0.2998, -0.3435, -0.0265,
        -0.4285, -0.1112,  0.1342, -0.2172, -0.0174, -0.0465,  0.5441,  0.2674,
        -0.2515,  0.2168,  0.1703, -0.5732, -0.4272, -0.4069,  0.2457, -0.0662,
        -0.1817, -0.2277, -0.0350, -0.3630, -0.2567, -0.4952, -0.2202, -0.1751,
        -0.5895, -0.5029, -0.0404,  0.0208,  0.3721, -0.1454, -0.1620, -0.0111,
        -0.2604, -0.0539, -0.0088, -0.2371,  0.4709,  0.5046, -0.5994, -0.1370,
        -0.3601, -0.3953, -0.3553, -0.5307, -0.4106, -0.0223, -0.0701, -0.3776,
        -0.3951,  0.2967, -0.0423, -0.0361, -0.0260, -0.3505, -0.0473, -0.1378,
        -0.0455, -0.0489, -0.1688, -0.4183, -0.2636, -0.0393,  0.1121, -0.0245,
        -0.5579, -0.0254, -0.0081, -0.2568, -0.0965, -0.0880, -0.0191,  0.1253,
        -0.4967, -0.4691, -0.1851, -0.0302, -0.0108, -0.2410, -0.3222, -0.0185,
        -0.3213, -0.2419, -0.3119, -0.2769, -0.1359, -0.1249, -0.4705, -0.2038,
        -0.4007,  0.1065, -0.1000, -0.5263, -0.0831, -0.0902, -0.4678, -0.3143,
        -0.4953, -0.2243, -0.1355, -0.0345, -0.0294,  0.0373, -0.0133, -0.0272,
        -0.0280, -0.2112, -0.4829, -0.0767, -0.3848, -0.3197, -0.0737, -0.0210,
         0.1232, -0.1970, -0.5130,  0.5244, -0.1104, -0.4644,  0.0218,  0.1660,
        -0.4824,  0.2245, -0.5123, -0.2117,  0.0438, -0.1856, -0.4768, -0.5910,
        -0.0633, -0.0316, -0.3679, -0.5519,  0.0998, -0.0253, -0.0079, -0.0186,
        -0.4467, -0.3159, -0.0343, -0.4753, -0.0454, -0.3576, -0.0889, -0.1057,
        -0.0157,  0.1800, -0.0759,  0.2055, -0.4536, -0.2257, -0.1957,  0.3187,
        -0.4253, -0.0057, -0.3543, -0.4502, -0.0280, -0.0333, -0.0890, -0.5831,
        -0.3321, -0.0311, -0.0767, -0.2395,  0.1435,  0.3016, -0.4258, -0.1244])